order_id,items_delivered,items_missing,order_amount,missing_flag,revenue_loss,missing_product_id,product_name,product_category,macro_category,product_price,product_position,is_missing_item,price_bin
c9da15aa-be24-4871-92a3-dfa7746fff69,10,1,1095.54,1,424.82,PWPX0982761091100,Apple MacBook Pro,Electronics,Electronics,424.82,1,1,Premium ($300+)
ccacc183-09f8-4fd5-af35-009d18656326,11,1,659.11,1,5.8,PWPX0982761091004,Instant Noodles,Supermarket,Supermarket,5.8,1,1,Very Low ($0-10)
f4e1d30b-c3d1-413f-99b8-93c0b46d68bf,18,1,251.45,1,14.22,PWPX0982761091016,Romaine Lettuce,Supermarket,Supermarket,14.22,1,1,Low ($10-25)
993d31f4-9358-41f0-a371-0021e55cef5d,12,1,598.83,1,9.89,PWPX0982761091056,Salted Butter,Supermarket,Supermarket,9.89,1,1,Very Low ($0-10)
3e0a8f1b-3cd6-4d64-90e3-6b38dc368925,3,1,27.18,1,18.81,PWPX0982761091064,Red Onions,Supermarket,Supermarket,18.81,1,1,Low ($10-25)
d0b8162c-2dfc-4038-93e2-fbe240dba870,5,1,494.32,1,6.13,PWPX0982761091072,Cereal Bars,Supermarket,Supermarket,6.13,1,1,Very Low ($0-10)
97fd47af-79b1-4177-b0be-2d26a2f8c288,1,1,220.13,1,12.71,PWPX0982761091010,Italian Sausage,Supermarket,Supermarket,12.71,1,1,Low ($10-25)
54a427fe-60f7-4df1-9bfc-fe9a4223adc2,19,1,447.17,1,10.78,PWPX0982761091024,Chocolate Chip Cookies,Supermarket,Supermarket,10.78,1,1,Low ($10-25)
7d2c4cb6-ffe3-4c73-80f1-7dd318eeae99,17,1,289.71,1,3.94,PWPX0982761090985,Organic Bananas,Supermarket,Supermarket,3.94,1,1,Very Low ($0-10)
30ffb11c-87cc-43bb-9b8f-e810f25a0d87,10,1,407.36,1,9.37,PWPX0982761091006,Soy Sauce,Supermarket,Supermarket,9.37,1,1,Very Low ($0-10)
8c8c0bac-315a-47a8-9b79-eb70e3d7393d,3,1,132.85,1,10.78,PWPX0982761091024,Chocolate Chip Cookies,Supermarket,Supermarket,10.78,1,1,Low ($10-25)
55354972-5673-41a0-9dd5-1c4437ea5adc,5,1,444.54,1,11.26,PWPX0982761091073,Apple Sauce,Supermarket,Supermarket,11.26,1,1,Low ($10-25)
462423f0-1d1e-48f0-9541-91f76e09e466,2,1,403.52,1,10.8,PWPX0982761091060,Ramen,Supermarket,Supermarket,10.8,1,1,Low ($10-25)
fa98a372-4b56-4dfb-968a-cef304741ec1,19,1,183.23,1,196.72,PWPX0982761091108,Dell XPS 13,Electronics,Electronics,196.72,1,1,Very High ($100-300)
60474ab4-5e08-406d-b94c-ed9e1c2e51bf,8,1,422.31,1,11.02,PWPX0982761091063,Sweet Potatoes,Supermarket,Supermarket,11.02,1,1,Low ($10-25)
136c3b46-cb80-4019-93ac-64469895094c,4,1,197.76,1,8.23,PWPX0982761091002,Granola Bars,Supermarket,Supermarket,8.23,1,1,Very Low ($0-10)
94644ed5-27f2-47af-9e18-67411131d7f5,9,1,257.43,1,7.81,PWPX0982761091074,Frozen Corn,Supermarket,Supermarket,7.81,1,1,Very Low ($0-10)
64c624c5-ea8d-4a14-88aa-447d1b89ca8b,19,1,343.24,1,18.01,PWPX0982761090988,Greek Yogurt,Supermarket,Supermarket,18.01,1,1,Low ($10-25)
1a39a30c-2c3f-4950-8640-39c54365532e,2,1,1125.9,1,10.16,PWPX0982761091050,Rice Pudding,Supermarket,Supermarket,10.16,1,1,Low ($10-25)
6b71583e-e0ba-48fb-961b-ccb5b7bdf0c7,15,1,496.6,1,690.88,PWPX0982761091097,Beats Studio Pro Headphone,Electronics,Electronics,690.88,1,1,Premium ($300+)
044df3fc-a8be-473b-aea6-b9e85480c222,5,1,210.78,1,16.82,PWPX0982761091079,Canned Chickpeas,Supermarket,Supermarket,16.82,1,1,Low ($10-25)
1d6a70f6-e8c1-43c3-b34c-9babb9751771,4,1,155.02,1,9.89,PWPX0982761091056,Salted Butter,Supermarket,Supermarket,9.89,1,1,Very Low ($0-10)
cd87ce5b-ef99-4a34-a132-da350a03ae18,2,2,111.22,1,19.01,PWPX0982761091060,Ramen,Supermarket,Supermarket,10.8,1,1,Low ($10-25)
316b3dce-4d64-4c1e-a5db-1d024e53d31b,10,1,631.71,1,19.55,PWPX0982761091049,Baking Soda,Supermarket,Supermarket,19.55,1,1,Low ($10-25)
a9b5b4e9-e03a-45f5-b47f-a1aea960eff1,7,1,54.05,1,632.85,PWPX0982761091122,Roku Ultra Streaming Device,Electronics,Electronics,632.85,1,1,Premium ($300+)
9c9c29fb-decd-45a8-84e3-966f0a441185,5,1,99.07,1,11.83,PWPX0982761091055,Salsa,Supermarket,Supermarket,11.83,1,1,Low ($10-25)
40ab98cb-a160-4c7a-af90-166e79d9b2ed,16,1,385.41,1,19.99,PWPX0982761091035,Ranch Dressing,Supermarket,Supermarket,19.99,1,1,Low ($10-25)
3bba3b61-16ac-4873-8c6f-3ebbb87ab410,9,1,178.92,1,14.41,PWPX0982761091075,Potato Wedges,Supermarket,Supermarket,14.41,1,1,Low ($10-25)
74559d01-a6b1-4d4e-aee8-b23ddbf4d0f6,9,1,58.09,1,10.96,PWPX0982761091094,Frozen Ravioli,Supermarket,Supermarket,10.96,1,1,Low ($10-25)
ae60e456-0c12-41d4-96a9-10c1d4321fe6,13,1,454.95,1,13.74,PWPX0982761091080,Spices Assortment,Supermarket,Supermarket,13.74,1,1,Low ($10-25)
eb96e4e9-9935-4387-8123-179dce564e5a,3,2,487.01,1,19.03,PWPX0982761091020,Frozen Waffles,Supermarket,Supermarket,11.08,1,1,Low ($10-25)
7947033f-f752-4e04-b9a8-8561f8116b1d,19,1,183.47,1,6.94,PWPX0982761091038,Beef Patties,Supermarket,Supermarket,6.94,1,1,Very Low ($0-10)
a01f7ee9-47f8-47ab-94d0-ae3c36883000,8,1,153.64,1,16.0,PWPX0982761091043,Mozzarella Sticks,Supermarket,Supermarket,16.0,1,1,Low ($10-25)
40b9688d-37fc-41d8-80c4-58692c0c6cec,8,1,40.47,1,585.52,PWPX0982761091101,Bose QuietComfort Earbuds,Electronics,Electronics,585.52,1,1,Premium ($300+)
cc6eec8a-761d-4df8-bc39-401f159b3ab8,16,1,294.92,1,14.22,PWPX0982761091016,Romaine Lettuce,Supermarket,Supermarket,14.22,1,1,Low ($10-25)
9ab65e63-d3aa-4f2c-833f-5311b2a83a9c,10,1,189.86,1,13.74,PWPX0982761091080,Spices Assortment,Supermarket,Supermarket,13.74,1,1,Low ($10-25)
15cba1bc-6a92-4c97-b37c-0cad544e059e,7,2,315.66,1,922.0,PWPX0982761091109,GoPro Hero 9,Electronics,Electronics,908.87,1,1,Premium ($300+)
237c46b5-f269-4f01-b611-e73620aca65b,12,1,772.66,1,6.09,PWPX0982761091032,Olive Oil,Supermarket,Supermarket,6.09,1,1,Very Low ($0-10)
1561cb7c-da51-4ada-8332-daa605df5a40,8,1,102.18,1,19.32,PWPX0982761090994,Peanut Butter,Supermarket,Supermarket,19.32,1,1,Low ($10-25)
987bb44f-f847-4d85-90d5-07f65b961b38,7,1,430.39,1,840.38,PWPX0982761091115,Garmin Forerunner,Electronics,Electronics,840.38,1,1,Premium ($300+)
b6439400-89b2-4da2-882c-85dd33a2162e,8,1,443.99,1,11.13,PWPX0982761091057,String Cheese,Supermarket,Supermarket,11.13,1,1,Low ($10-25)
8e0f3412-8419-4272-8751-7d9a5273508c,9,1,424.62,1,12.01,PWPX0982761091037,Almond Butter,Supermarket,Supermarket,12.01,1,1,Low ($10-25)
30999354-4e03-4f6c-aa56-ff0e3587061f,15,1,141.95,1,7.75,PWPX0982761091090,Macaroni,Supermarket,Supermarket,7.75,1,1,Very Low ($0-10)
e6757789-4b9d-406b-933c-b2439fea4012,8,1,242.02,1,11.83,PWPX0982761091055,Salsa,Supermarket,Supermarket,11.83,1,1,Low ($10-25)
4b3cf8d2-27d0-4905-b183-49ea91f7cd51,12,1,582.01,1,18.35,PWPX0982761091028,Spaghetti,Supermarket,Supermarket,18.35,1,1,Low ($10-25)
2ac1db48-e4a1-47e4-9c01-2bb0a0fe5f50,16,2,209.94,1,26.26,PWPX0982761091033,Pancake Mix,Supermarket,Supermarket,17.78,1,1,Low ($10-25)
85b8ddbf-09ce-42ca-83f8-4a1b2c7487cb,8,1,200.08,1,19.77,PWPX0982761090986,Sourdough Bread,Supermarket,Supermarket,19.77,1,1,Low ($10-25)
9b74d6a7-8fca-4294-a956-e4811e308609,17,1,420.4,1,5.93,PWPX0982761090997,Chicken Breast,Supermarket,Supermarket,5.93,1,1,Very Low ($0-10)
d49fc462-5c9b-4813-8d04-f717ef86a64e,19,1,1036.85,1,647.73,PWPX0982761091106,NVIDIA GeForce RTX 3060,Electronics,Electronics,647.73,1,1,Premium ($300+)
83d088e0-b7e6-4302-a63f-c4421293421a,10,1,442.42,1,18.81,PWPX0982761091064,Red Onions,Supermarket,Supermarket,18.81,1,1,Low ($10-25)
9e8d0c0a-dab9-4581-a7b7-acfd50787812,16,1,271.22,1,424.82,PWPX0982761091100,Apple MacBook Pro,Electronics,Electronics,424.82,1,1,Premium ($300+)
18c742a0-3cab-4396-8ff4-c4eb5f940c3e,14,1,1274.5,1,11.69,PWPX0982761091066,Frozen French Fries,Supermarket,Supermarket,11.69,1,1,Low ($10-25)
3523b03b-be39-4c7f-a6c2-bf1c939b8946,8,1,262.72,1,19.58,PWPX0982761090996,Oat Milk,Supermarket,Supermarket,19.58,1,1,Low ($10-25)
686046cf-bc3b-47b3-a003-e6255c02341f,17,2,212.03,1,16.82,PWPX0982761091037,Almond Butter,Supermarket,Supermarket,12.01,1,1,Low ($10-25)
6b39aa58-a1f3-451c-b5a0-bbc681915a3c,12,2,169.56,1,32.68,PWPX0982761091049,Baking Soda,Supermarket,Supermarket,19.55,1,1,Low ($10-25)
200b2ee8-f04d-4f9e-9370-9c1990b17819,4,1,80.65,1,8.48,PWPX0982761091054,Turkey Burgers,Supermarket,Supermarket,8.48,1,1,Very Low ($0-10)
1dcf8886-6ba3-4dac-9e8b-43eb6a039a43,19,2,272.81,1,23.18,PWPX0982761091030,Ice Cream,Supermarket,Supermarket,7.29,1,1,Very Low ($0-10)
5ee1d9c9-8a51-4a4c-9a81-5e89b3c2b758,10,1,145.2,1,3.94,PWPX0982761090985,Organic Bananas,Supermarket,Supermarket,3.94,1,1,Very Low ($0-10)
eef6e049-5d4a-4f8d-a917-22ff010ba3d0,11,1,121.11,1,16.69,PWPX0982761091045,Whole Wheat Tortillas,Supermarket,Supermarket,16.69,1,1,Low ($10-25)
a5b31ee6-e3da-4ed9-95b1-32c8cd032c59,15,1,865.02,1,17.95,PWPX0982761091082,Baking Powder,Supermarket,Supermarket,17.95,1,1,Low ($10-25)
a7111d64-74f6-4506-95b9-e0d68febd229,5,1,231.77,1,6.56,PWPX0982761091013,Rice Cakes,Supermarket,Supermarket,6.56,1,1,Very Low ($0-10)
89c168b0-29d8-43cc-834d-9fed6bfb283f,19,1,393.38,1,3.78,PWPX0982761091009,Beef Jerky,Supermarket,Supermarket,3.78,1,1,Very Low ($0-10)
95468b9a-c375-4cba-846f-c294973c0181,2,1,431.5,1,187.4,PWPX0982761091126,Panasonic Lumix Camera,Electronics,Electronics,187.4,1,1,Very High ($100-300)
071d71b9-fe38-49e6-b08d-6ceb5802be05,1,1,275.85,1,17.09,PWPX0982761091086,Frozen Mozzarella,Supermarket,Supermarket,17.09,1,1,Low ($10-25)
2e337dae-f3d1-4532-8292-5402771ca178,19,1,342.43,1,2.65,PWPX0982761091023,Whipped Cream,Supermarket,Supermarket,2.65,1,1,Very Low ($0-10)
97b249f3-e867-408f-868d-a96d9a2acf79,18,1,227.76,1,13.83,PWPX0982761091042,Shredded Carrots,Supermarket,Supermarket,13.83,1,1,Low ($10-25)
b4224570-4952-4d6a-8bd2-e821e2bcfa54,7,1,354.97,1,9.97,PWPX0982761091031,Corn Tortillas,Supermarket,Supermarket,9.97,1,1,Very Low ($0-10)
55932539-9ab3-464e-a023-614915b9d343,6,1,47.83,1,5.92,PWPX0982761091059,Organic Baby Carrots,Supermarket,Supermarket,5.92,1,1,Very Low ($0-10)
0e4e2b8e-1c9c-47bf-ba32-393e6af6fb3c,18,1,177.78,1,690.88,PWPX0982761091097,Beats Studio Pro Headphone,Electronics,Electronics,690.88,1,1,Premium ($300+)
729e80d3-da35-40a3-88c2-5d5af676863c,16,1,122.16,1,6.1,PWPX0982761091046,Orange Juice,Supermarket,Supermarket,6.1,1,1,Very Low ($0-10)
7f3849d7-10ae-48eb-a0a1-630b7ef18e48,12,1,46.76,1,10.08,PWPX0982761091089,Pita Bread,Supermarket,Supermarket,10.08,1,1,Low ($10-25)
74219bfd-0de0-4bf1-b9a7-626ece6a1dda,9,2,83.11,1,27.75,PWPX0982761091041,Mustard,Supermarket,Supermarket,7.95,1,1,Very Low ($0-10)
8faf06d5-5681-4c3a-94dc-357a12c65368,4,1,403.03,1,477.29,PWPX0982761091103,Amazon Echo Dot,Electronics,Electronics,477.29,1,1,Premium ($300+)
27508e97-bc60-4d9f-9cc7-944685e830a8,12,1,169.51,1,11.08,PWPX0982761091020,Frozen Waffles,Supermarket,Supermarket,11.08,1,1,Low ($10-25)
525b45bb-4ae7-4802-81ac-f89c33f443a9,19,1,1324.96,1,4.81,PWPX0982761091058,Frozen Chicken Nuggets,Supermarket,Supermarket,4.81,1,1,Very Low ($0-10)
a4f39477-e7d2-4808-bc8b-78e253b068dd,16,1,493.48,1,17.28,PWPX0982761091000,Bagged Spinach,Supermarket,Supermarket,17.28,1,1,Low ($10-25)
70f5a3b4-4a23-453c-af52-c63e634d38b6,4,3,84.24,1,30.299999999999997,PWPX0982761090990,Frozen Peas,Supermarket,Supermarket,10.1,1,1,Low ($10-25)
1c1acdfb-b999-4ae2-bbf8-47d1d3a4daea,1,1,214.38,1,482.13,PWPX0982761091111,HP Envy Printer,Electronics,Electronics,482.13,1,1,Premium ($300+)
3a481c5b-49cb-4225-909d-0f8c51220e5d,1,1,486.14,1,12.53,PWPX0982761090982,Kellogg's Frosties,Supermarket,Supermarket,12.53,1,1,Low ($10-25)
9c2bf24b-33e2-4f3f-b75b-e855ed85ec64,14,3,365.02,1,52.62,PWPX0982761090991,Honey Nut Cheerios,Supermarket,Supermarket,17.54,1,1,Low ($10-25)
416ce9c8-9ae8-4b9f-a1a5-9a543a79a23e,3,1,456.8,1,9.87,PWPX0982761091047,Pickles,Supermarket,Supermarket,9.87,1,1,Very Low ($0-10)
beb2f169-80b2-4cf7-a3f8-62e95c9d2554,6,1,161.04,1,180.2,PWPX0982761091120,Apple iPhone 13 Pro,Electronics,Electronics,180.2,1,1,Very High ($100-300)
f4a37540-3a9f-4007-8035-4fbd37e91d07,10,1,801.07,1,334.68,PWPX0982761091121,Asus ROG Gaming Laptop,Electronics,Electronics,334.68,1,1,Premium ($300+)
3ac9746e-2fe3-478f-9288-479e368ad82d,19,1,437.04,1,16.2,PWPX0982761091021,Pasta,Supermarket,Supermarket,16.2,1,1,Low ($10-25)
7c1993e3-7df0-4524-9b7a-c6fd051e8803,16,2,646.37,1,30.18,PWPX0982761091039,Chicken Wings,Supermarket,Supermarket,19.38,1,1,Low ($10-25)
08bfb8ab-71d5-4ae6-af32-e48a3115309b,16,2,331.67,1,35.42,PWPX0982761091079,Canned Chickpeas,Supermarket,Supermarket,16.82,1,1,Low ($10-25)
1c573b87-bf93-4d1f-aeb7-2b93f13d6dcf,11,1,1033.98,1,17.79,PWPX0982761091005,Ketchup,Supermarket,Supermarket,17.79,1,1,Low ($10-25)
cfe79962-fd38-4927-a2be-e6e1a038793e,8,1,135.09,1,5.8,PWPX0982761091004,Instant Noodles,Supermarket,Supermarket,5.8,1,1,Very Low ($0-10)
ed8c80a3-decc-47d8-a104-7acca6e66b3e,8,1,169.38,1,808.21,PWPX0982761091104,Canon EOS Rebel Camera,Electronics,Electronics,808.21,1,1,Premium ($300+)
1493ab50-1bf9-4655-8558-59a0c0eeca32,4,1,299.9,1,9.97,PWPX0982761091031,Corn Tortillas,Supermarket,Supermarket,9.97,1,1,Very Low ($0-10)
71e5625a-a9ba-484d-ae50-cc15a0c0618f,19,1,269.54,1,18.25,PWPX0982761091053,Cottage Cheese,Supermarket,Supermarket,18.25,1,1,Low ($10-25)
4f3ac8af-8d2b-4cb9-952a-40e1a6209c52,12,1,425.08,1,11.08,PWPX0982761091020,Frozen Waffles,Supermarket,Supermarket,11.08,1,1,Low ($10-25)
ac6aff83-a86d-4d76-aecd-f44ebf652a6e,3,1,30.99,1,225.68,PWPX0982761091098,Logitech Mouse,Electronics,Electronics,225.68,1,1,Very High ($100-300)
ec4f573f-ab92-477e-9b4b-7ae61f740987,8,2,186.25,1,32.28,PWPX0982761091022,Shredded Cheese,Supermarket,Supermarket,16.28,1,1,Low ($10-25)
8e7450f7-8435-4db9-88d8-52c1792063a4,6,1,306.97,1,585.52,PWPX0982761091101,Bose QuietComfort Earbuds,Electronics,Electronics,585.52,1,1,Premium ($300+)
025167ad-6f30-421c-b07a-7dac320cfb78,1,1,451.18,1,16.67,PWPX0982761091052,Baby Spinach,Supermarket,Supermarket,16.67,1,1,Low ($10-25)
ad19d9ec-ae72-4732-8914-22a2d9512789,13,1,893.17,1,19.32,PWPX0982761090994,Peanut Butter,Supermarket,Supermarket,19.32,1,1,Low ($10-25)
4106cf03-691c-47fd-b98f-38c79f68a707,3,1,139.55,1,528.96,PWPX0982761091124,Nest Thermostat,Electronics,Electronics,528.96,1,1,Premium ($300+)
638b7211-be10-4a1b-bb1d-4dd094a40428,1,1,312.55,1,6.13,PWPX0982761091072,Cereal Bars,Supermarket,Supermarket,6.13,1,1,Very Low ($0-10)
9980c39a-00fc-42cb-a599-90004657a60c,3,1,248.98,1,5.8,PWPX0982761091004,Instant Noodles,Supermarket,Supermarket,5.8,1,1,Very Low ($0-10)
e66e9506-dc09-4391-b830-b696eb019e70,17,2,293.88,1,24.33,PWPX0982761090995,Cinnamon Toast Crunch,Supermarket,Supermarket,8.11,1,1,Very Low ($0-10)
6981a5a5-73e4-4ecd-913b-c89c37dfb62f,1,1,870.64,1,225.68,PWPX0982761091098,Logitech Mouse,Electronics,Electronics,225.68,1,1,Very High ($100-300)
048e5947-7ee2-4278-8cb2-ffb6610c79a2,6,1,431.78,1,8.21,PWPX0982761091083,Chia Seeds,Supermarket,Supermarket,8.21,1,1,Very Low ($0-10)
1f944ab7-1693-4108-85ea-e9d2f70c1c4e,18,1,248.74,1,12.53,PWPX0982761090982,Kellogg's Frosties,Supermarket,Supermarket,12.53,1,1,Low ($10-25)
a0a4b6c4-779f-48a9-b566-f95303a62e94,5,1,22.41,1,13.31,PWPX0982761091095,Croutons,Supermarket,Supermarket,13.31,1,1,Low ($10-25)
29d191fa-7258-4582-a2ca-6e63596e696b,7,1,327.35,1,307.07,PWPX0982761091123,JBL Flip Speaker,Electronics,Electronics,307.07,1,1,Premium ($300+)
8ef770df-d24d-40de-9958-45f6856d760e,12,1,420.18,1,632.85,PWPX0982761091122,Roku Ultra Streaming Device,Electronics,Electronics,632.85,1,1,Premium ($300+)
af109d48-e601-47ad-b5e1-d6afc5df86e3,4,1,104.32,1,2.16,PWPX0982761091081,Vegetable Stock,Supermarket,Supermarket,2.16,1,1,Very Low ($0-10)
b5c04336-534d-4d6a-8921-dfbdf99091af,5,1,121.82,1,15.28,PWPX0982761091092,Basil Pesto,Supermarket,Supermarket,15.28,1,1,Low ($10-25)
e565848b-a180-47dd-9765-b444eea2b339,4,1,42.71,1,908.87,PWPX0982761091109,GoPro Hero 9,Electronics,Electronics,908.87,1,1,Premium ($300+)
2f334a81-b585-481e-b480-12a5dc4c1da3,10,1,456.87,1,8.21,PWPX0982761091083,Chia Seeds,Supermarket,Supermarket,8.21,1,1,Very Low ($0-10)
b04e6256-2110-4f23-99af-ff66de9a401b,9,1,242.8,1,180.2,PWPX0982761091120,Apple iPhone 13 Pro,Electronics,Electronics,180.2,1,1,Very High ($100-300)
788a46f4-f495-4c18-a352-79512b7a965b,5,1,352.26,1,17.09,PWPX0982761091086,Frozen Mozzarella,Supermarket,Supermarket,17.09,1,1,Low ($10-25)
14cb2e5b-332a-4921-a557-c3f72763e711,18,1,296.94,1,9.97,PWPX0982761091031,Corn Tortillas,Supermarket,Supermarket,9.97,1,1,Very Low ($0-10)
f1c21343-5a15-431c-b641-31cef86ef113,3,1,137.8,1,3.1,PWPX0982761091077,Frozen Mixed Berries,Supermarket,Supermarket,3.1,1,1,Very Low ($0-10)
c120ee21-c644-4d6f-9c4b-f1a6b8b64cc2,6,1,436.32,1,18.25,PWPX0982761091053,Cottage Cheese,Supermarket,Supermarket,18.25,1,1,Low ($10-25)
e5721d77-8828-43c5-b380-86cfe0b6d49d,2,1,362.36,1,8.48,PWPX0982761091054,Turkey Burgers,Supermarket,Supermarket,8.48,1,1,Very Low ($0-10)
597c1e66-5a72-4b9b-bd94-77b16930cf56,2,1,283.6,1,8.11,PWPX0982761090995,Cinnamon Toast Crunch,Supermarket,Supermarket,8.11,1,1,Very Low ($0-10)
a72676a8-f3bf-47af-bd4c-296302b33a4e,13,1,316.21,1,579.0,PWPX0982761091112,Apple Watch Series 6,Electronics,Electronics,579.0,1,1,Premium ($300+)
be8c8c32-f586-42cf-ae32-0cc7fc843cdf,5,1,1195.73,1,783.07,PWPX0982761091099,Samsung Galaxy S21,Electronics,Electronics,783.07,1,1,Premium ($300+)
93ba4d0f-4ef4-45a1-a36e-c853a47d549d,11,1,474.9,1,12.63,PWPX0982761091070,Tortilla Chips,Supermarket,Supermarket,12.63,1,1,Low ($10-25)
e5aa4603-e197-49d9-9163-17367ccdb593,6,1,152.34,1,14.22,PWPX0982761091016,Romaine Lettuce,Supermarket,Supermarket,14.22,1,1,Low ($10-25)
906f7f0f-cc10-4495-abd9-2ee9428ffb6b,6,1,397.01,1,7.92,PWPX0982761091012,Hummus,Supermarket,Supermarket,7.92,1,1,Very Low ($0-10)
bf7f281f-1fb7-41ed-845e-172c1a955c9c,17,1,183.15,1,3.1,PWPX0982761091077,Frozen Mixed Berries,Supermarket,Supermarket,3.1,1,1,Very Low ($0-10)
0d85bbf8-d3bd-4005-94aa-dec907e8b031,14,1,33.99,1,6.13,PWPX0982761091072,Cereal Bars,Supermarket,Supermarket,6.13,1,1,Very Low ($0-10)
a9194785-a3c0-46b0-a194-bf6650abdf34,3,1,115.56,1,14.41,PWPX0982761091075,Potato Wedges,Supermarket,Supermarket,14.41,1,1,Low ($10-25)
bd91d99d-a24f-4eb2-9176-056a8b7114bf,18,1,1003.65,1,11.02,PWPX0982761091063,Sweet Potatoes,Supermarket,Supermarket,11.02,1,1,Low ($10-25)
7d6fe82a-5742-430a-9cca-a6cdc3a8490d,4,1,22.32,1,19.8,PWPX0982761091062,Bread Crumbs,Supermarket,Supermarket,19.8,1,1,Low ($10-25)
c5620872-a51a-49c3-9d29-67b12b28351a,11,1,176.46,1,9.48,PWPX0982761091091,Diced Tomatoes,Supermarket,Supermarket,9.48,1,1,Very Low ($0-10)
a87f05ad-917a-443f-93f1-a810d84e7305,5,1,323.56,1,14.22,PWPX0982761091016,Romaine Lettuce,Supermarket,Supermarket,14.22,1,1,Low ($10-25)
f92d70fa-0462-46cd-a061-8cf3d7fd64fc,7,1,236.5,1,585.52,PWPX0982761091101,Bose QuietComfort Earbuds,Electronics,Electronics,585.52,1,1,Premium ($300+)
c4442a91-3af5-4e87-9a44-43f43e8b3c22,13,1,216.45,1,8.68,PWPX0982761091019,Maple Syrup,Supermarket,Supermarket,8.68,1,1,Very Low ($0-10)
6fb8048f-4339-4e4f-90fa-b6b724c349b1,14,2,55.73,1,24.089999999999996,PWPX0982761091008,Oranges,Supermarket,Supermarket,4.51,1,1,Very Low ($0-10)
546864d7-986a-4ad1-b3c9-f1916d9ea086,8,1,317.11,1,11.69,PWPX0982761091066,Frozen French Fries,Supermarket,Supermarket,11.69,1,1,Low ($10-25)
df53b894-491a-4eba-b70a-df261966e232,19,1,489.61,1,15.49,PWPX0982761091044,Protein Bars,Supermarket,Supermarket,15.49,1,1,Low ($10-25)
2ddf58ab-cdec-4d0e-90d6-e3af13f38c3f,1,1,1141.65,1,334.68,PWPX0982761091121,Asus ROG Gaming Laptop,Electronics,Electronics,334.68,1,1,Premium ($300+)
b45faed8-e2ff-42c0-9a26-8141e65da4b0,6,2,310.88,1,19.67,PWPX0982761091036,Frozen Vegetables,Supermarket,Supermarket,8.54,1,1,Very Low ($0-10)
0199be15-caf8-4a6a-9d37-da14fa2fdc95,3,1,208.2,1,3.85,PWPX0982761091018,Butter,Supermarket,Supermarket,3.85,1,1,Very Low ($0-10)
c88588d0-38fd-45ed-9811-7f8fc7629382,4,1,387.71,1,783.07,PWPX0982761091099,Samsung Galaxy S21,Electronics,Electronics,783.07,1,1,Premium ($300+)
f4b912b4-aa3e-4251-86ed-f8196b85bfa5,6,1,50.55,1,9.37,PWPX0982761091006,Soy Sauce,Supermarket,Supermarket,9.37,1,1,Very Low ($0-10)
72deef04-8000-4c01-a2eb-c5be77af1f3d,4,1,438.08,1,2.65,PWPX0982761091023,Whipped Cream,Supermarket,Supermarket,2.65,1,1,Very Low ($0-10)
0c5e1845-823d-426a-8a64-a80de5f41c45,17,1,344.45,1,9.48,PWPX0982761091091,Diced Tomatoes,Supermarket,Supermarket,9.48,1,1,Very Low ($0-10)
b89ce36a-6650-406d-9a9e-9760563bfcc5,9,1,296.63,1,2.65,PWPX0982761091023,Whipped Cream,Supermarket,Supermarket,2.65,1,1,Very Low ($0-10)
a36e3349-f1f7-460b-b6e6-4d7047837795,10,2,463.0,1,13.2,PWPX0982761091077,Frozen Mixed Berries,Supermarket,Supermarket,3.1,1,1,Very Low ($0-10)
9ac480b7-a70e-465a-9c54-0f2356bd625e,7,1,278.24,1,19.99,PWPX0982761091035,Ranch Dressing,Supermarket,Supermarket,19.99,1,1,Low ($10-25)
4610d545-85e7-4586-be0d-affd7be6907f,14,1,532.73,1,528.96,PWPX0982761091124,Nest Thermostat,Electronics,Electronics,528.96,1,1,Premium ($300+)
bc0ad55d-3944-49d1-a544-e00e86915071,17,1,246.53,1,3.1,PWPX0982761091077,Frozen Mixed Berries,Supermarket,Supermarket,3.1,1,1,Very Low ($0-10)
1c3ca0a5-39a7-4cc4-b855-c51240a678fe,4,1,177.44,1,3.85,PWPX0982761091014,Whole Wheat Bread,Supermarket,Supermarket,3.85,1,1,Very Low ($0-10)
f1326527-3e33-4951-9cac-f91cc9da2de0,11,2,358.44,1,26.54,PWPX0982761091068,Frozen Broccoli,Supermarket,Supermarket,11.26,1,1,Low ($10-25)
4d257582-d84d-4755-bd24-56d57d3fdce4,4,1,472.93,1,9.97,PWPX0982761091031,Corn Tortillas,Supermarket,Supermarket,9.97,1,1,Very Low ($0-10)
3cd67eac-d536-42ca-a587-1bd8964039c3,7,1,317.26,1,11.02,PWPX0982761091063,Sweet Potatoes,Supermarket,Supermarket,11.02,1,1,Low ($10-25)
828c98c8-f2cf-4b8d-a5b5-a1b4849038a6,18,1,416.08,1,13.13,PWPX0982761091088,Frozen Edamame,Supermarket,Supermarket,13.13,1,1,Low ($10-25)
329731d3-5e52-4231-9f83-c540640ba9c0,8,1,233.51,1,9.3,PWPX0982761091026,Potato Chips,Supermarket,Supermarket,9.3,1,1,Very Low ($0-10)
b84762e3-b1de-40a7-91e7-775d6609504a,5,1,35.72,1,185.97,PWPX0982761091107,Apple iPad Air,Electronics,Electronics,185.97,1,1,Very High ($100-300)
ca10efd5-831b-4f66-a1dd-7920f1329731,12,1,141.9,1,17.21,PWPX0982761091017,Salmon Filets,Supermarket,Supermarket,17.21,1,1,Low ($10-25)
c66aae00-9e07-4e38-929c-e38e0c8cb317,7,1,269.26,1,185.97,PWPX0982761091107,Apple iPad Air,Electronics,Electronics,185.97,1,1,Very High ($100-300)
a20e4eb6-351d-45f8-9af5-85b01bea4b71,4,1,147.11,1,19.99,PWPX0982761091035,Ranch Dressing,Supermarket,Supermarket,19.99,1,1,Low ($10-25)
4f96f8c1-ff67-4a9d-9e07-5a4d57f3a4f5,1,1,995.45,1,9.3,PWPX0982761091026,Potato Chips,Supermarket,Supermarket,9.3,1,1,Very Low ($0-10)
32c3507c-5f1c-4366-97a0-85a8a5243156,2,1,242.78,1,19.58,PWPX0982761090996,Oat Milk,Supermarket,Supermarket,19.58,1,1,Low ($10-25)
045980c1-c205-49e2-bd85-b5166acbd3ca,16,1,75.8,1,783.07,PWPX0982761091099,Samsung Galaxy S21,Electronics,Electronics,783.07,1,1,Premium ($300+)
2ac47c60-8ab4-403a-8c02-8a1ab759f964,19,1,165.78,1,12.53,PWPX0982761090982,Kellogg's Frosties,Supermarket,Supermarket,12.53,1,1,Low ($10-25)
78b12740-54a8-43fb-937d-f87ce6e2cd37,10,1,249.89,1,497.46,PWPX0982761091105,Microsoft Surface Pro,Electronics,Electronics,497.46,1,1,Premium ($300+)
71d1a0cb-e078-4583-b754-1c33aa10f1fb,9,1,118.52,1,300.54,PWPX0982761091119,Dyson V11 Vacuum,Electronics,Electronics,300.54,1,1,Premium ($300+)
9bedef08-4b4a-4272-9477-a7515a73ecbd,6,1,484.63,1,19.99,PWPX0982761091035,Ranch Dressing,Supermarket,Supermarket,19.99,1,1,Low ($10-25)
3ddfcc22-f1ae-4e28-a87e-fef4b36a0770,10,2,78.28,1,14.01,PWPX0982761091012,Hummus,Supermarket,Supermarket,7.92,1,1,Very Low ($0-10)
de6343f9-fa09-4cac-8da8-7c2706825e22,13,2,133.73,1,26.58,PWPX0982761091095,Croutons,Supermarket,Supermarket,13.31,1,1,Low ($10-25)
fe4bffcc-e466-4f05-b111-777a4808abcd,15,1,980.99,1,3.48,PWPX0982761091048,Flour,Supermarket,Supermarket,3.48,1,1,Very Low ($0-10)
849e79f0-13bf-4a80-bc02-62c208ebe4cd,2,1,485.62,1,225.68,PWPX0982761091098,Logitech Mouse,Electronics,Electronics,225.68,1,1,Very High ($100-300)
9923a278-e245-4836-aa35-5f6b7f28428f,1,1,144.32,1,3.85,PWPX0982761091018,Butter,Supermarket,Supermarket,3.85,1,1,Very Low ($0-10)
227670af-aeb6-4301-8030-c9960d6b8b90,2,1,192.94,1,808.21,PWPX0982761091104,Canon EOS Rebel Camera,Electronics,Electronics,808.21,1,1,Premium ($300+)
502f8720-8f0b-42dd-b65c-53bf089dcefd,13,1,206.07,1,710.27,PWPX0982761091117,Samsung QLED TV,Electronics,Electronics,710.27,1,1,Premium ($300+)
d9d0baa7-b40d-4248-bfd8-d1d33eeecc06,8,1,301.85,1,13.13,PWPX0982761091088,Frozen Edamame,Supermarket,Supermarket,13.13,1,1,Low ($10-25)
d7fbb39b-0e73-4523-b0a1-cce7af949ea0,15,1,473.75,1,225.68,PWPX0982761091098,Logitech Mouse,Electronics,Electronics,225.68,1,1,Very High ($100-300)
d105773f-d566-4aa2-87b2-c5245539e6f5,12,2,118.73,1,26.880000000000003,PWPX0982761091075,Potato Wedges,Supermarket,Supermarket,14.41,1,1,Low ($10-25)
2972f202-a3f5-447a-8ba8-903e1e6ffd3c,10,1,259.91,1,7.81,PWPX0982761091074,Frozen Corn,Supermarket,Supermarket,7.81,1,1,Very Low ($0-10)
6ab5dd76-cd41-4e82-9f26-20f56de3bbc7,12,1,137.08,1,783.07,PWPX0982761091099,Samsung Galaxy S21,Electronics,Electronics,783.07,1,1,Premium ($300+)
7081a372-28d6-4c74-9007-dcb35f5a6e57,19,1,175.18,1,5.93,PWPX0982761090997,Chicken Breast,Supermarket,Supermarket,5.93,1,1,Very Low ($0-10)
59bd16a3-e82b-468a-af20-d467ac8811b5,14,1,166.02,1,2.65,PWPX0982761091023,Whipped Cream,Supermarket,Supermarket,2.65,1,1,Very Low ($0-10)
af34847d-5b73-49ea-9412-87c98cb18d2f,13,2,629.99,1,24.84,PWPX0982761091090,Macaroni,Supermarket,Supermarket,7.75,1,1,Very Low ($0-10)
f80b850f-482c-4adf-8474-fd01e3bd2902,3,1,264.4,1,300.54,PWPX0982761091119,Dyson V11 Vacuum,Electronics,Electronics,300.54,1,1,Premium ($300+)
651a71d6-20e4-45c2-ad3c-c2014f35c474,15,1,247.01,1,5.92,PWPX0982761091059,Organic Baby Carrots,Supermarket,Supermarket,5.92,1,1,Very Low ($0-10)
9d0a4067-7c05-4a0e-befe-39d0795ff4c9,7,1,168.89,1,18.6,PWPX0982761090992,Canned Tuna,Supermarket,Supermarket,18.6,1,1,Low ($10-25)
1b6046c6-0221-47fc-82bc-9dd4ab06a216,10,1,175.87,1,9.48,PWPX0982761091091,Diced Tomatoes,Supermarket,Supermarket,9.48,1,1,Very Low ($0-10)
8d624215-bcfe-41ef-93ce-1aac7867bee5,12,1,113.42,1,17.21,PWPX0982761091017,Salmon Filets,Supermarket,Supermarket,17.21,1,1,Low ($10-25)
b0c64edc-2bb6-4689-a983-7101637d0931,7,1,101.98,1,8.54,PWPX0982761091036,Frozen Vegetables,Supermarket,Supermarket,8.54,1,1,Very Low ($0-10)
d7f972ae-4554-426a-87c4-cdd491e6bb87,13,1,1199.5,1,16.28,PWPX0982761091022,Shredded Cheese,Supermarket,Supermarket,16.28,1,1,Low ($10-25)
31cf5f4a-e58a-4d67-b7df-d17fe0048f9f,5,1,470.38,1,18.6,PWPX0982761090992,Canned Tuna,Supermarket,Supermarket,18.6,1,1,Low ($10-25)
c701e693-cb4d-4bab-b664-7f4023a28736,4,1,407.62,1,307.07,PWPX0982761091123,JBL Flip Speaker,Electronics,Electronics,307.07,1,1,Premium ($300+)
8c0a292e-ffee-457b-a96c-157692307c1d,14,1,306.78,1,9.87,PWPX0982761091047,Pickles,Supermarket,Supermarket,9.87,1,1,Very Low ($0-10)
9c87a901-b0af-41bd-937d-76d0d524e289,1,1,485.24,1,307.07,PWPX0982761091123,JBL Flip Speaker,Electronics,Electronics,307.07,1,1,Premium ($300+)
3a8d98b1-994b-4c5c-953d-e2d82da8e1bc,13,1,101.77,1,17.54,PWPX0982761090991,Honey Nut Cheerios,Supermarket,Supermarket,17.54,1,1,Low ($10-25)
dec15fe5-5dc1-48e3-aa64-46889028c656,14,1,36.2,1,4.71,PWPX0982761091078,Frozen Shrimp,Supermarket,Supermarket,4.71,1,1,Very Low ($0-10)
7160bbe1-b682-410b-bac9-362a566f325b,6,1,108.12,1,6.48,PWPX0982761091093,Chocolate Milk,Supermarket,Supermarket,6.48,1,1,Very Low ($0-10)
689c6c85-1065-4622-90ca-93cbe2bada62,15,1,23.29,1,7.95,PWPX0982761091041,Mustard,Supermarket,Supermarket,7.95,1,1,Very Low ($0-10)
8d8f0cd5-0ae4-4bf0-8c59-cabc6dab185e,6,1,364.24,1,2.16,PWPX0982761091081,Vegetable Stock,Supermarket,Supermarket,2.16,1,1,Very Low ($0-10)
241a346c-4b6a-47cb-bc6e-900bbd01fdf3,16,1,103.35,1,840.38,PWPX0982761091115,Garmin Forerunner,Electronics,Electronics,840.38,1,1,Premium ($300+)
24ade8d4-e38e-4df1-8845-b629d0f0d0b0,4,1,393.28,1,750.72,PWPX0982761091113,Google Chromecast,Electronics,Electronics,750.72,1,1,Premium ($300+)
48b4bbfa-343e-4077-8354-f57f25d918e0,6,1,159.74,1,11.26,PWPX0982761091073,Apple Sauce,Supermarket,Supermarket,11.26,1,1,Low ($10-25)
6a0aa794-6f81-4d90-8e05-fcf02f225107,3,1,422.11,1,15.09,PWPX0982761091001,Frozen Pizza,Supermarket,Supermarket,15.09,1,1,Low ($10-25)
6a223f5d-1048-48b3-8b52-bd48cf313864,13,2,367.62,1,22.25,PWPX0982761091078,Frozen Shrimp,Supermarket,Supermarket,4.71,1,1,Very Low ($0-10)
f7c6df82-31bd-4f8f-8514-db1719d520cf,6,1,389.35,1,5.92,PWPX0982761091059,Organic Baby Carrots,Supermarket,Supermarket,5.92,1,1,Very Low ($0-10)
4729f95d-1ba9-4e45-980e-51c18af7abe1,4,1,335.52,1,310.88,PWPX0982761091118,Fitbit Charge 5,Electronics,Electronics,310.88,1,1,Premium ($300+)
be844eea-79f5-44e4-8102-8ac603cb0dcb,10,1,194.79,1,4.67,PWPX0982761090983,Uncured Bacon,Supermarket,Supermarket,4.67,1,1,Very Low ($0-10)
b77f8e3e-c596-4eb9-b6c2-22a889802f90,3,1,165.25,1,4.71,PWPX0982761091078,Frozen Shrimp,Supermarket,Supermarket,4.71,1,1,Very Low ($0-10)
a61b84d4-a3e9-471f-897f-94930a3562a6,18,1,48.14,1,2.65,PWPX0982761091023,Whipped Cream,Supermarket,Supermarket,2.65,1,1,Very Low ($0-10)
c9dea142-1331-4483-b60b-2cd119e8d3cf,4,1,450.35,1,334.68,PWPX0982761091121,Asus ROG Gaming Laptop,Electronics,Electronics,334.68,1,1,Premium ($300+)
bbd4a0cf-48f8-4383-b16b-8c54f516850b,14,1,348.29,1,528.96,PWPX0982761091124,Nest Thermostat,Electronics,Electronics,528.96,1,1,Premium ($300+)
82b1c1e3-2979-4b2d-9004-df94e9710e65,6,1,250.98,1,19.77,PWPX0982761090986,Sourdough Bread,Supermarket,Supermarket,19.77,1,1,Low ($10-25)
e9a21182-9699-4813-b9cd-4c5e02657673,8,1,204.58,1,2.72,PWPX0982761091027,Coconut Water,Supermarket,Supermarket,2.72,1,1,Very Low ($0-10)
84740b57-38a3-45fd-a927-fd38ad12df3b,14,1,218.28,1,14.22,PWPX0982761091016,Romaine Lettuce,Supermarket,Supermarket,14.22,1,1,Low ($10-25)
f50dac68-addd-4ba7-9ccf-ecb4736198e9,17,2,80.77,1,16.08,PWPX0982761091072,Cereal Bars,Supermarket,Supermarket,6.13,1,1,Very Low ($0-10)
1655c768-f44c-42d4-b624-042e8555739c,11,1,268.16,1,4.81,PWPX0982761091058,Frozen Chicken Nuggets,Supermarket,Supermarket,4.81,1,1,Very Low ($0-10)
25e7f7cb-1ac6-40e1-88af-012b5e073168,16,1,367.61,1,710.27,PWPX0982761091117,Samsung QLED TV,Electronics,Electronics,710.27,1,1,Premium ($300+)
86f9ea94-0c65-410a-a022-1a764b11690b,18,1,438.13,1,16.42,PWPX0982761091061,Cheese Sticks,Supermarket,Supermarket,16.42,1,1,Low ($10-25)
b612cea2-0430-4f6d-9493-b51450607ee1,13,1,87.1,1,7.82,PWPX0982761090989,Tomato Soup,Supermarket,Supermarket,7.82,1,1,Very Low ($0-10)
3ef89d8e-c771-47c8-83fa-c6fc6e20adea,4,1,463.89,1,12.47,PWPX0982761090987,Cheddar Cheese,Supermarket,Supermarket,12.47,1,1,Low ($10-25)
31b0c1f6-183b-4aa5-bad2-b38c1fba58d8,17,1,392.35,1,579.0,PWPX0982761091112,Apple Watch Series 6,Electronics,Electronics,579.0,1,1,Premium ($300+)
31eb06b2-1b24-4573-831b-d8d81a3dd7e1,5,1,190.76,1,3.78,PWPX0982761091009,Beef Jerky,Supermarket,Supermarket,3.78,1,1,Very Low ($0-10)
83966a28-7564-4bc7-9b50-489b86dcf73a,10,1,59.82,1,4.51,PWPX0982761091008,Oranges,Supermarket,Supermarket,4.51,1,1,Very Low ($0-10)
912be291-f9c5-4df8-8d24-81103346e330,14,1,231.68,1,528.96,PWPX0982761091124,Nest Thermostat,Electronics,Electronics,528.96,1,1,Premium ($300+)
9e7458e7-69ac-480a-abc8-c45d208ab04c,1,2,990.52,1,21.48,PWPX0982761091081,Vegetable Stock,Supermarket,Supermarket,2.16,1,1,Very Low ($0-10)
b083edfc-1316-41a9-9d40-fb9eac112833,8,1,204.86,1,15.49,PWPX0982761091044,Protein Bars,Supermarket,Supermarket,15.49,1,1,Low ($10-25)
2058452e-9a8d-45cd-b848-9ca15b5457cf,9,1,344.98,1,18.25,PWPX0982761091053,Cottage Cheese,Supermarket,Supermarket,18.25,1,1,Low ($10-25)
a2c997ef-301e-40ab-98ca-369eda1471db,12,1,457.97,1,17.79,PWPX0982761091005,Ketchup,Supermarket,Supermarket,17.79,1,1,Low ($10-25)
94c1e463-2021-4f3e-9c6a-09ff5f5ec900,10,1,594.5,1,7.3,PWPX0982761091011,Avocado,Supermarket,Supermarket,7.3,1,1,Very Low ($0-10)
4b8c92f1-ec2b-4343-8501-f0ec804d0a40,15,1,297.75,1,9.95,PWPX0982761090984,Whole Milk,Supermarket,Supermarket,9.95,1,1,Very Low ($0-10)
299f133c-a9ae-441f-bd41-b158fe0fce11,12,1,213.97,1,10.57,PWPX0982761091034,Eggs,Supermarket,Supermarket,10.57,1,1,Low ($10-25)
b0d30eab-6992-4ad8-8be2-bce21207fc51,19,1,736.48,1,4.43,PWPX0982761091015,Bell Peppers,Supermarket,Supermarket,4.43,1,1,Very Low ($0-10)
21b85100-db1c-414b-a010-8adf2e3d9274,2,1,120.55,1,11.02,PWPX0982761091063,Sweet Potatoes,Supermarket,Supermarket,11.02,1,1,Low ($10-25)
19f17b36-61bf-458c-a301-19b76fcbaca4,12,1,182.26,1,2.72,PWPX0982761091027,Coconut Water,Supermarket,Supermarket,2.72,1,1,Very Low ($0-10)
7fe04832-ee78-4f43-b6d0-7b5c9bb2f756,7,1,159.74,1,4.43,PWPX0982761091015,Bell Peppers,Supermarket,Supermarket,4.43,1,1,Very Low ($0-10)
c202a8c9-4ba7-4ca2-82c6-93d3c88fa47f,13,1,247.9,1,225.68,PWPX0982761091098,Logitech Mouse,Electronics,Electronics,225.68,1,1,Very High ($100-300)
6f0d152f-fbb9-4224-8a1e-f9ebe9f9764f,9,1,260.88,1,11.53,PWPX0982761091067,Garlic Bread,Supermarket,Supermarket,11.53,1,1,Low ($10-25)
4ba5c622-e2d4-4d92-a55f-115f1e5ad762,7,1,110.99,1,6.94,PWPX0982761091038,Beef Patties,Supermarket,Supermarket,6.94,1,1,Very Low ($0-10)
4680ba7b-d6b7-44d7-821b-ec5c36f803c0,15,1,344.85,1,908.87,PWPX0982761091109,GoPro Hero 9,Electronics,Electronics,908.87,1,1,Premium ($300+)
2add895b-c113-4234-ab76-0dc9eaa3ffdc,6,1,949.77,1,7.81,PWPX0982761091074,Frozen Corn,Supermarket,Supermarket,7.81,1,1,Very Low ($0-10)
d86a10fa-de54-406e-be45-7189dc3b5a00,8,1,533.82,1,19.77,PWPX0982761090986,Sourdough Bread,Supermarket,Supermarket,19.77,1,1,Low ($10-25)
c039e744-b8bb-4dd3-a37b-03bda85bc64c,19,1,204.19,1,632.85,PWPX0982761091122,Roku Ultra Streaming Device,Electronics,Electronics,632.85,1,1,Premium ($300+)
e8f875e5-c4d5-4c30-8561-157beb527f7b,8,1,190.99,1,7.92,PWPX0982761091012,Hummus,Supermarket,Supermarket,7.92,1,1,Very Low ($0-10)
0fb163f7-c7b8-4766-961d-6904f613c254,16,1,122.42,1,4.38,PWPX0982761090998,Broccoli,Supermarket,Supermarket,4.38,1,1,Very Low ($0-10)
cc392675-e484-432e-aa6f-568a182d5b0a,17,1,56.14,1,738.81,PWPX0982761091110,Kindle Paperwhite,Electronics,Electronics,738.81,1,1,Premium ($300+)
01b503a2-cd6d-4356-b296-c3669a8bbd1d,17,1,37.66,1,13.83,PWPX0982761091042,Shredded Carrots,Supermarket,Supermarket,13.83,1,1,Low ($10-25)
61164526-405e-4a66-bba6-a40e6b034b42,16,1,78.84,1,3.48,PWPX0982761091048,Flour,Supermarket,Supermarket,3.48,1,1,Very Low ($0-10)
3202f63b-113a-43ba-a7d1-d5f8fb7ff9a6,11,1,114.19,1,10.47,PWPX0982761091071,Oyster Sauce,Supermarket,Supermarket,10.47,1,1,Low ($10-25)
e849912f-3eff-4aa9-890a-2ec85ae3169d,16,1,182.36,1,15.49,PWPX0982761091044,Protein Bars,Supermarket,Supermarket,15.49,1,1,Low ($10-25)
3e43c526-ec06-4c3c-88ee-b83101d128a5,4,1,141.32,1,180.2,PWPX0982761091120,Apple iPhone 13 Pro,Electronics,Electronics,180.2,1,1,Very High ($100-300)
ce39477d-f2af-4d2e-a656-287f93569878,2,1,219.73,1,10.44,PWPX0982761091084,Pancetta,Supermarket,Supermarket,10.44,1,1,Low ($10-25)
6091afcf-1b68-4e25-818f-1725c9c4bb5c,14,1,82.24,1,647.73,PWPX0982761091106,NVIDIA GeForce RTX 3060,Electronics,Electronics,647.73,1,1,Premium ($300+)
7e63d26f-10b0-44b6-b17d-2251958526ef,4,1,1054.16,1,808.21,PWPX0982761091104,Canon EOS Rebel Camera,Electronics,Electronics,808.21,1,1,Premium ($300+)
48ca4957-7f46-4551-82b8-879fe097b46d,6,1,36.18,1,310.88,PWPX0982761091118,Fitbit Charge 5,Electronics,Electronics,310.88,1,1,Premium ($300+)
50850667-179c-441a-b92b-a0a286a2a0ae,13,1,298.87,1,585.52,PWPX0982761091101,Bose QuietComfort Earbuds,Electronics,Electronics,585.52,1,1,Premium ($300+)
2fd93841-3fdb-47d0-9bb4-2b82cfb199dd,19,1,417.32,1,632.85,PWPX0982761091122,Roku Ultra Streaming Device,Electronics,Electronics,632.85,1,1,Premium ($300+)
ae9f0d5a-709d-45f0-a22e-e375cbd37100,15,1,461.23,1,4.38,PWPX0982761090998,Broccoli,Supermarket,Supermarket,4.38,1,1,Very Low ($0-10)
123f19c6-081d-4469-a7a5-f2518f436e06,3,1,272.08,1,10.47,PWPX0982761091071,Oyster Sauce,Supermarket,Supermarket,10.47,1,1,Low ($10-25)
7bfe2bfb-4409-4e34-a54a-2a8c82131846,13,1,372.44,1,12.71,PWPX0982761091010,Italian Sausage,Supermarket,Supermarket,12.71,1,1,Low ($10-25)
ce14059d-c257-467d-8372-2194502310e4,19,1,381.18,1,300.54,PWPX0982761091119,Dyson V11 Vacuum,Electronics,Electronics,300.54,1,1,Premium ($300+)
3b21b85c-9569-43b6-9b6d-ec3d73a37fb0,17,1,847.13,1,482.13,PWPX0982761091111,HP Envy Printer,Electronics,Electronics,482.13,1,1,Premium ($300+)
170e9477-e1c7-4068-91ed-75765871d58f,17,1,888.94,1,17.78,PWPX0982761091033,Pancake Mix,Supermarket,Supermarket,17.78,1,1,Low ($10-25)
719de63b-c708-48e8-945f-356a94b7d5bb,11,1,108.75,1,17.95,PWPX0982761091082,Baking Powder,Supermarket,Supermarket,17.95,1,1,Low ($10-25)
cb338ab0-7377-4c63-9242-b0aa9cc3583d,13,1,449.5,1,4.67,PWPX0982761090983,Uncured Bacon,Supermarket,Supermarket,4.67,1,1,Very Low ($0-10)
9ba812e5-b996-4b24-94e8-8c60a9f6e559,11,1,492.08,1,2.72,PWPX0982761091027,Coconut Water,Supermarket,Supermarket,2.72,1,1,Very Low ($0-10)
08aeedb5-9be8-4063-b564-e052eba23559,14,1,410.46,1,17.09,PWPX0982761091086,Frozen Mozzarella,Supermarket,Supermarket,17.09,1,1,Low ($10-25)
97468d60-fc53-4dbc-a265-1acbfead29d5,8,1,82.99,1,16.42,PWPX0982761091061,Cheese Sticks,Supermarket,Supermarket,16.42,1,1,Low ($10-25)
f3c1a969-70db-44a3-81f8-27c15ff46e82,3,1,215.17,1,497.46,PWPX0982761091105,Microsoft Surface Pro,Electronics,Electronics,497.46,1,1,Premium ($300+)
193de20b-a16d-4f9f-95e0-48d83386ae78,10,1,1212.41,1,18.25,PWPX0982761091053,Cottage Cheese,Supermarket,Supermarket,18.25,1,1,Low ($10-25)
a6810687-dd15-4f9a-9e32-eae237364ef4,19,1,658.41,1,710.27,PWPX0982761091117,Samsung QLED TV,Electronics,Electronics,710.27,1,1,Premium ($300+)
ed9c09e0-6fcd-4ca5-a502-f3a478036ae4,10,1,144.76,1,477.29,PWPX0982761091103,Amazon Echo Dot,Electronics,Electronics,477.29,1,1,Premium ($300+)
ade7436e-093f-4533-b871-012457c680fb,9,1,184.31,1,7.3,PWPX0982761091011,Avocado,Supermarket,Supermarket,7.3,1,1,Very Low ($0-10)
97742a39-62a8-4215-8edc-14b5356a565d,1,1,102.45,1,6.13,PWPX0982761091072,Cereal Bars,Supermarket,Supermarket,6.13,1,1,Very Low ($0-10)
5c0ff4a0-6ad5-4972-9b4d-f37d9a7442ef,7,1,347.85,1,19.99,PWPX0982761091035,Ranch Dressing,Supermarket,Supermarket,19.99,1,1,Low ($10-25)
ae36a796-dae9-4334-a6b0-e274484555ab,16,1,80.27,1,7.81,PWPX0982761091074,Frozen Corn,Supermarket,Supermarket,7.81,1,1,Very Low ($0-10)
2bc5cc0d-5473-4568-8d86-0c8d1c774e26,2,1,483.81,1,14.41,PWPX0982761091075,Potato Wedges,Supermarket,Supermarket,14.41,1,1,Low ($10-25)
5030046e-64df-414c-bffd-068c9381f8de,6,1,723.42,1,7.75,PWPX0982761091090,Macaroni,Supermarket,Supermarket,7.75,1,1,Very Low ($0-10)
2b8b4ab3-c306-4bbf-aa08-aa47b9dfebac,14,1,94.36,1,15.89,PWPX0982761091051,Frozen Berries,Supermarket,Supermarket,15.89,1,1,Low ($10-25)
bcde321f-3824-44fc-a49e-2f52ab8352e8,1,1,375.16,1,16.69,PWPX0982761091045,Whole Wheat Tortillas,Supermarket,Supermarket,16.69,1,1,Low ($10-25)
00f89d42-0bdd-471f-9fdc-70b86b344009,13,1,174.35,1,13.28,PWPX0982761090993,Ground Coffee,Supermarket,Supermarket,13.28,1,1,Low ($10-25)
b280dcec-60e5-4d74-ade1-3355da7d5962,4,1,122.99,1,10.44,PWPX0982761091084,Pancetta,Supermarket,Supermarket,10.44,1,1,Low ($10-25)
7e6cc2ea-63e6-4c4c-95b2-15b5c04ee7c9,19,1,789.51,1,9.37,PWPX0982761091006,Soy Sauce,Supermarket,Supermarket,9.37,1,1,Very Low ($0-10)
7f3d667f-ff3a-4328-89dc-064be1487a01,17,1,317.94,1,10.57,PWPX0982761091034,Eggs,Supermarket,Supermarket,10.57,1,1,Low ($10-25)
bf25d9c8-c6c0-4bd3-9321-c667e83a1eb8,18,1,281.17,1,8.54,PWPX0982761091036,Frozen Vegetables,Supermarket,Supermarket,8.54,1,1,Very Low ($0-10)
15c7b849-8e47-48db-8038-a0f21ed83531,12,2,404.74,1,19.439999999999998,PWPX0982761091066,Frozen French Fries,Supermarket,Supermarket,11.69,1,1,Low ($10-25)
963a1ab0-439b-489e-a41d-d45e6db75513,13,1,423.83,1,10.96,PWPX0982761091094,Frozen Ravioli,Supermarket,Supermarket,10.96,1,1,Low ($10-25)
e48028de-569b-47fe-bc26-57834bf26797,16,1,473.59,1,6.22,PWPX0982761091025,Trail Mix,Supermarket,Supermarket,6.22,1,1,Very Low ($0-10)
e4596416-701e-4f47-a8de-ee42725e9def,3,1,151.26,1,10.47,PWPX0982761091071,Oyster Sauce,Supermarket,Supermarket,10.47,1,1,Low ($10-25)
147c4875-504a-4035-9556-83243c0a64e2,6,1,211.68,1,18.45,PWPX0982761091007,Apples,Supermarket,Supermarket,18.45,1,1,Low ($10-25)
0d85ed44-7a4d-44d5-842b-63db45e1fdbe,12,1,462.85,1,6.56,PWPX0982761091013,Rice Cakes,Supermarket,Supermarket,6.56,1,1,Very Low ($0-10)
f1598441-7fb1-47a5-87bf-bd52dd3d880f,6,1,473.47,1,18.01,PWPX0982761090988,Greek Yogurt,Supermarket,Supermarket,18.01,1,1,Low ($10-25)
ef240bb3-b7cc-4f7d-8f9f-57b6ea43974f,18,1,381.06,1,13.22,PWPX0982761091003,Sliced Turkey,Supermarket,Supermarket,13.22,1,1,Low ($10-25)
5df7092d-4d57-4065-b2a6-a74491cac538,2,1,470.57,1,11.26,PWPX0982761091073,Apple Sauce,Supermarket,Supermarket,11.26,1,1,Low ($10-25)
12b950c4-2ad8-4ea0-a86a-0138be00f7e6,14,1,464.73,1,8.21,PWPX0982761091083,Chia Seeds,Supermarket,Supermarket,8.21,1,1,Very Low ($0-10)
331fc42a-d231-4ace-9e6a-b45a8353b48f,3,1,115.42,1,12.47,PWPX0982761090987,Cheddar Cheese,Supermarket,Supermarket,12.47,1,1,Low ($10-25)
97010a9c-22ea-4295-91c0-5edf482020f3,14,1,193.84,1,5.93,PWPX0982761090997,Chicken Breast,Supermarket,Supermarket,5.93,1,1,Very Low ($0-10)
22b7130b-55ea-4e36-8cfd-facf1ee23e43,7,1,215.57,1,528.96,PWPX0982761091124,Nest Thermostat,Electronics,Electronics,528.96,1,1,Premium ($300+)
c57de423-db6b-49db-b557-cc82c95b4763,13,1,404.35,1,17.28,PWPX0982761091000,Bagged Spinach,Supermarket,Supermarket,17.28,1,1,Low ($10-25)
2735bc11-d2db-4017-aa0c-383e6086ad69,5,1,74.65,1,7.3,PWPX0982761091011,Avocado,Supermarket,Supermarket,7.3,1,1,Very Low ($0-10)
b17cce4c-ba20-4729-911c-56071c5c4720,12,1,339.64,1,7.95,PWPX0982761091041,Mustard,Supermarket,Supermarket,7.95,1,1,Very Low ($0-10)
e9b3aea4-40c6-49d9-8b0f-bb3a6160278f,17,1,911.36,1,11.08,PWPX0982761091020,Frozen Waffles,Supermarket,Supermarket,11.08,1,1,Low ($10-25)
cfbad64a-8bc0-4733-8d62-d4f57916c4f3,15,1,141.09,1,6.22,PWPX0982761091025,Trail Mix,Supermarket,Supermarket,6.22,1,1,Very Low ($0-10)
dbafa22f-4a9a-4c60-a129-7432eece0712,12,1,43.38,1,10.47,PWPX0982761091071,Oyster Sauce,Supermarket,Supermarket,10.47,1,1,Low ($10-25)
600c0c37-ecf0-4f46-bd45-f23e816be241,19,1,29.98,1,585.52,PWPX0982761091101,Bose QuietComfort Earbuds,Electronics,Electronics,585.52,1,1,Premium ($300+)
24bad95d-ba8d-4850-8470-47a7cde95ca7,6,1,87.24,1,16.2,PWPX0982761091021,Pasta,Supermarket,Supermarket,16.2,1,1,Low ($10-25)
648a016b-db6f-48c5-abbf-94a7549bcbe8,6,1,253.56,1,6.13,PWPX0982761091072,Cereal Bars,Supermarket,Supermarket,6.13,1,1,Very Low ($0-10)
9521d303-24c5-4833-a256-f752e492461b,2,1,304.12,1,8.68,PWPX0982761091019,Maple Syrup,Supermarket,Supermarket,8.68,1,1,Very Low ($0-10)
4975416d-36d4-4730-90fe-7d8c4bc34f37,8,2,57.63,1,22.4,PWPX0982761091034,Eggs,Supermarket,Supermarket,10.57,1,1,Low ($10-25)
52df8075-1f2e-4780-9f0f-048df749831a,3,2,331.81,1,28.380000000000003,PWPX0982761091045,Whole Wheat Tortillas,Supermarket,Supermarket,16.69,1,1,Low ($10-25)
2df27969-b826-43da-ac5b-f5ce6d777ad6,19,2,86.99,1,26.86,PWPX0982761091061,Cheese Sticks,Supermarket,Supermarket,16.42,1,1,Low ($10-25)
10f4a811-d48e-4da0-98eb-7d6199c80a6a,17,1,372.41,1,12.53,PWPX0982761091029,Garlic,Supermarket,Supermarket,12.53,1,1,Low ($10-25)
b564018c-e5ae-4b91-b3fc-3595dcab194b,13,1,101.78,1,482.13,PWPX0982761091111,HP Envy Printer,Electronics,Electronics,482.13,1,1,Premium ($300+)
29674094-daea-4fea-a0e8-9fdd1ee23aff,4,1,170.87,1,6.09,PWPX0982761091032,Olive Oil,Supermarket,Supermarket,6.09,1,1,Very Low ($0-10)
1e6a601d-37d0-4d4f-9525-357a52e2e451,12,1,334.21,1,4.51,PWPX0982761091008,Oranges,Supermarket,Supermarket,4.51,1,1,Very Low ($0-10)
aa88aeeb-e6bd-4959-b7fb-0490303d481b,17,1,424.39,1,750.72,PWPX0982761091113,Google Chromecast,Electronics,Electronics,750.72,1,1,Premium ($300+)
f81bc295-2c21-4395-a7e7-1e446290d1ab,15,1,455.49,1,16.67,PWPX0982761091052,Baby Spinach,Supermarket,Supermarket,16.67,1,1,Low ($10-25)
4aebf6b6-ae81-47db-994f-f8cbd486adb7,3,1,80.54,1,185.97,PWPX0982761091107,Apple iPad Air,Electronics,Electronics,185.97,1,1,Very High ($100-300)
c7c7e788-8a34-4add-a64e-f73dfda8a0f6,16,2,861.7,1,23.7,PWPX0982761091051,Frozen Berries,Supermarket,Supermarket,15.89,1,1,Low ($10-25)
dee577cc-4b03-4d2d-b6a7-b2b856c7013a,4,1,41.6,1,8.75,PWPX0982761091065,Avocado Oil,Supermarket,Supermarket,8.75,1,1,Very Low ($0-10)
db8ebc3b-d4e9-4a55-880e-04f433614fe8,5,1,445.09,1,579.0,PWPX0982761091112,Apple Watch Series 6,Electronics,Electronics,579.0,1,1,Premium ($300+)
c1307675-1f19-430f-b371-9e90d7db5f03,4,1,144.99,1,12.53,PWPX0982761091029,Garlic,Supermarket,Supermarket,12.53,1,1,Low ($10-25)
b574fafd-b1db-44a0-b9f4-997a1b1922e8,10,1,466.83,1,738.81,PWPX0982761091110,Kindle Paperwhite,Electronics,Electronics,738.81,1,1,Premium ($300+)
feeae661-1cd3-45c6-a452-0a0becb57e56,1,1,178.19,1,16.67,PWPX0982761091052,Baby Spinach,Supermarket,Supermarket,16.67,1,1,Low ($10-25)
d67aecbd-7963-409f-a746-ba094391f5d8,15,1,301.61,1,11.08,PWPX0982761091020,Frozen Waffles,Supermarket,Supermarket,11.08,1,1,Low ($10-25)
8150a3ca-b4a7-452f-b339-989b7345cbbf,3,1,392.16,1,8.48,PWPX0982761091054,Turkey Burgers,Supermarket,Supermarket,8.48,1,1,Very Low ($0-10)
fb982dd0-5f65-471b-9569-6b607f1657fd,5,1,302.17,1,307.07,PWPX0982761091123,JBL Flip Speaker,Electronics,Electronics,307.07,1,1,Premium ($300+)
1606479a-89dd-473b-8581-ea0ed7da51ce,6,1,461.94,1,17.28,PWPX0982761091000,Bagged Spinach,Supermarket,Supermarket,17.28,1,1,Low ($10-25)
e6b6bfde-7516-45a6-9e1f-84b35502ffca,16,1,69.3,1,16.2,PWPX0982761091021,Pasta,Supermarket,Supermarket,16.2,1,1,Low ($10-25)
87778441-8260-400f-8346-66ad62e9adba,5,1,398.14,1,19.8,PWPX0982761091062,Bread Crumbs,Supermarket,Supermarket,19.8,1,1,Low ($10-25)
f008bb6a-7a90-4ab4-9c64-eca2ce2031f7,18,1,456.69,1,880.38,PWPX0982761091102,Sony PlayStation 5,Electronics,Electronics,880.38,1,1,Premium ($300+)
1c55fc4b-f3b4-43cd-a8f2-9bd195ee3235,5,1,364.82,1,16.69,PWPX0982761091045,Whole Wheat Tortillas,Supermarket,Supermarket,16.69,1,1,Low ($10-25)
ecb264fc-8e64-4de6-b13b-1219318828f1,11,1,55.89,1,4.71,PWPX0982761091078,Frozen Shrimp,Supermarket,Supermarket,4.71,1,1,Very Low ($0-10)
80cbdfde-e88d-40e3-9a0d-523fcc5dbc98,19,1,169.62,1,15.49,PWPX0982761091044,Protein Bars,Supermarket,Supermarket,15.49,1,1,Low ($10-25)
65ee9e12-9b93-4830-a0df-db0327d07cbf,18,1,348.9,1,8.48,PWPX0982761091054,Turkey Burgers,Supermarket,Supermarket,8.48,1,1,Very Low ($0-10)
acb531bc-c586-4e9e-8e9d-27f5494dded5,18,2,469.53,1,236.94,PWPX0982761091098,Logitech Mouse,Electronics,Electronics,225.68,1,1,Very High ($100-300)
4d1865af-5c41-4850-93d1-e928a3bd65bb,10,1,393.68,1,17.78,PWPX0982761091033,Pancake Mix,Supermarket,Supermarket,17.78,1,1,Low ($10-25)
707f8732-2246-45c9-a707-8fa1e53b7f1e,18,1,440.63,1,10.1,PWPX0982761090990,Frozen Peas,Supermarket,Supermarket,10.1,1,1,Low ($10-25)
1308de8b-cdc3-4f58-a178-523674f33b57,5,1,451.4,1,12.47,PWPX0982761090987,Cheddar Cheese,Supermarket,Supermarket,12.47,1,1,Low ($10-25)
8c3f6fee-a689-42e7-b768-59455428217a,9,2,852.14,1,33.73,PWPX0982761091092,Basil Pesto,Supermarket,Supermarket,15.28,1,1,Low ($10-25)
29e2f23f-18da-4978-ae64-20809967378e,9,1,430.19,1,9.37,PWPX0982761091006,Soy Sauce,Supermarket,Supermarket,9.37,1,1,Very Low ($0-10)
c981329e-0257-45c0-bf9a-c88b474d8406,1,1,159.83,1,16.42,PWPX0982761091061,Cheese Sticks,Supermarket,Supermarket,16.42,1,1,Low ($10-25)
b2bea054-ab5b-422f-b8df-8442272d5044,6,1,1032.92,1,19.58,PWPX0982761090996,Oat Milk,Supermarket,Supermarket,19.58,1,1,Low ($10-25)
32990447-ab9c-46e8-954c-f5f71edb532e,13,1,1168.19,1,4.51,PWPX0982761091008,Oranges,Supermarket,Supermarket,4.51,1,1,Very Low ($0-10)
1fdec9a0-b6a2-464f-80bb-11cda6daeb1d,9,1,203.41,1,19.99,PWPX0982761091035,Ranch Dressing,Supermarket,Supermarket,19.99,1,1,Low ($10-25)
4dba4fcf-52b5-4cc7-b03e-99aade077208,12,2,277.0,1,25.16,PWPX0982761091070,Tortilla Chips,Supermarket,Supermarket,12.63,1,1,Low ($10-25)
2c96ea13-cae1-4e72-a221-49ce9ef59d12,4,2,322.61,1,23.24,PWPX0982761091072,Cereal Bars,Supermarket,Supermarket,6.13,1,1,Very Low ($0-10)
82ecdfa9-5b89-42cd-be98-94c8f3d81ad9,5,1,76.31,1,15.69,PWPX0982761091076,Chicken Thighs,Supermarket,Supermarket,15.69,1,1,Low ($10-25)
79231ea3-1ba3-4c0a-ba04-1d11626cc2fe,8,1,272.22,1,14.22,PWPX0982761091016,Romaine Lettuce,Supermarket,Supermarket,14.22,1,1,Low ($10-25)
5f9dbf07-0363-48fe-b947-2fbdd747bd32,2,1,189.93,1,11.26,PWPX0982761091068,Frozen Broccoli,Supermarket,Supermarket,11.26,1,1,Low ($10-25)
8d91934b-af5a-47a3-a5a5-45468b9b55d0,6,1,82.03,1,225.68,PWPX0982761091098,Logitech Mouse,Electronics,Electronics,225.68,1,1,Very High ($100-300)
a4143960-1d1a-400e-90b0-77b118f729d8,13,1,218.67,1,5.92,PWPX0982761091059,Organic Baby Carrots,Supermarket,Supermarket,5.92,1,1,Very Low ($0-10)
5dada496-2534-4ca6-9079-9be827927c24,4,1,27.16,1,8.11,PWPX0982761090995,Cinnamon Toast Crunch,Supermarket,Supermarket,8.11,1,1,Very Low ($0-10)
e45af251-e168-4f2b-aadd-9a309290a771,3,1,486.35,1,18.6,PWPX0982761090992,Canned Tuna,Supermarket,Supermarket,18.6,1,1,Low ($10-25)
96235fff-1248-444b-8725-7dc4e2996243,12,1,833.85,1,11.26,PWPX0982761091068,Frozen Broccoli,Supermarket,Supermarket,11.26,1,1,Low ($10-25)
97d75c7b-282d-48fe-b848-90063c36b2e0,4,1,398.83,1,11.08,PWPX0982761091020,Frozen Waffles,Supermarket,Supermarket,11.08,1,1,Low ($10-25)
56f10e26-b155-4961-ad5f-7bf5ff65df17,19,1,1179.07,1,585.52,PWPX0982761091101,Bose QuietComfort Earbuds,Electronics,Electronics,585.52,1,1,Premium ($300+)
2d018e03-3e8b-4d0b-8ab4-1cf4f79380b6,4,1,481.88,1,7.3,PWPX0982761091011,Avocado,Supermarket,Supermarket,7.3,1,1,Very Low ($0-10)
e3905c28-a674-4378-9106-f55444bb0896,13,2,472.48,1,34.81,PWPX0982761091043,Mozzarella Sticks,Supermarket,Supermarket,16.0,1,1,Low ($10-25)
acb74774-8bc7-4591-ac3c-c0f264250493,3,1,384.35,1,13.28,PWPX0982761090993,Ground Coffee,Supermarket,Supermarket,13.28,1,1,Low ($10-25)
b7d6f691-6c08-4b43-add3-cd4269837424,11,1,162.92,1,300.54,PWPX0982761091119,Dyson V11 Vacuum,Electronics,Electronics,300.54,1,1,Premium ($300+)
8ff62040-c7dc-42da-93fa-ffea7e05ece6,3,1,858.7,1,6.1,PWPX0982761091046,Orange Juice,Supermarket,Supermarket,6.1,1,1,Very Low ($0-10)
241a9e8f-e2a0-44ac-8572-58f4038af0fd,13,1,403.04,1,11.83,PWPX0982761091055,Salsa,Supermarket,Supermarket,11.83,1,1,Low ($10-25)
53238c0c-edd0-4ac7-9a0c-f042f1d555c9,16,1,299.77,1,579.0,PWPX0982761091112,Apple Watch Series 6,Electronics,Electronics,579.0,1,1,Premium ($300+)
81ec234d-96ca-40a8-b1fb-a03947a05f15,4,1,375.88,1,9.95,PWPX0982761090984,Whole Milk,Supermarket,Supermarket,9.95,1,1,Very Low ($0-10)
c6302c9e-0a27-452a-a16b-0d0d2ca32716,15,1,336.85,1,300.54,PWPX0982761091119,Dyson V11 Vacuum,Electronics,Electronics,300.54,1,1,Premium ($300+)
49abc775-7e8a-470a-9873-0cf8ed32eff4,19,1,50.26,1,10.08,PWPX0982761091089,Pita Bread,Supermarket,Supermarket,10.08,1,1,Low ($10-25)
799969a2-b3fd-4dce-83e8-9526199ad1f2,2,1,147.42,1,3.48,PWPX0982761091048,Flour,Supermarket,Supermarket,3.48,1,1,Very Low ($0-10)
5bb6f4af-48ce-4503-830e-f027263e0077,14,1,96.69,1,19.38,PWPX0982761091039,Chicken Wings,Supermarket,Supermarket,19.38,1,1,Low ($10-25)
f19705d7-0581-4740-a2ca-26c8a65e9e7d,10,1,106.11,1,11.53,PWPX0982761091067,Garlic Bread,Supermarket,Supermarket,11.53,1,1,Low ($10-25)
92d25675-9a10-40d8-ab13-dd1787f82f98,7,1,400.09,1,11.26,PWPX0982761091068,Frozen Broccoli,Supermarket,Supermarket,11.26,1,1,Low ($10-25)
3e2f227b-7f61-44f9-8805-7ad0f2cdf06f,6,1,44.24,1,585.52,PWPX0982761091101,Bose QuietComfort Earbuds,Electronics,Electronics,585.52,1,1,Premium ($300+)
24e2c02b-74e3-4c48-b81c-838a317bdaaa,19,1,719.07,1,19.58,PWPX0982761090996,Oat Milk,Supermarket,Supermarket,19.58,1,1,Low ($10-25)
6b9927c9-ae8a-4978-886d-1859d1a00153,6,1,279.97,1,9.95,PWPX0982761090984,Whole Milk,Supermarket,Supermarket,9.95,1,1,Very Low ($0-10)
fdf663b9-5bf5-4a74-8b0c-c01ebd0eb2e2,11,1,472.14,1,16.2,PWPX0982761091021,Pasta,Supermarket,Supermarket,16.2,1,1,Low ($10-25)
f356a677-8d48-43e1-bc3d-0205513fe8c7,8,1,72.72,1,9.37,PWPX0982761091006,Soy Sauce,Supermarket,Supermarket,9.37,1,1,Very Low ($0-10)
61818cfc-1a37-48ce-addc-60533294bcfc,18,1,360.98,1,11.08,PWPX0982761091020,Frozen Waffles,Supermarket,Supermarket,11.08,1,1,Low ($10-25)
3c5c8099-f1ae-46f1-bf8b-2271fda10a24,9,1,64.06,1,17.54,PWPX0982761090991,Honey Nut Cheerios,Supermarket,Supermarket,17.54,1,1,Low ($10-25)
2b1a98d6-46e4-4b26-9745-0d55b61af986,2,1,494.3,1,10.1,PWPX0982761090990,Frozen Peas,Supermarket,Supermarket,10.1,1,1,Low ($10-25)
b8bc05f7-7764-4233-8bc3-e5905cbdc948,12,1,1106.47,1,4.67,PWPX0982761090983,Uncured Bacon,Supermarket,Supermarket,4.67,1,1,Very Low ($0-10)
0a6398b7-87ae-4d1b-b075-8dc8d2c88efa,12,2,247.69,1,30.03,PWPX0982761091021,Pasta,Supermarket,Supermarket,16.2,1,1,Low ($10-25)
b1be4f37-013d-4e74-af50-51a3c5127d0f,12,1,27.71,1,11.53,PWPX0982761091067,Garlic Bread,Supermarket,Supermarket,11.53,1,1,Low ($10-25)
6d98ef23-9d70-49d3-a9f5-1fb0fc1445f3,7,1,44.38,1,19.38,PWPX0982761091039,Chicken Wings,Supermarket,Supermarket,19.38,1,1,Low ($10-25)
2675cd49-24d3-4bfd-bf60-5689d21ce3a5,16,1,479.26,1,19.32,PWPX0982761090994,Peanut Butter,Supermarket,Supermarket,19.32,1,1,Low ($10-25)
52f8b0c6-5824-439c-bd82-122596799e4c,7,1,207.32,1,8.23,PWPX0982761091002,Granola Bars,Supermarket,Supermarket,8.23,1,1,Very Low ($0-10)
79adf49b-bccc-468d-874e-c05372a400b0,5,2,794.94,1,22.86,PWPX0982761091008,Oranges,Supermarket,Supermarket,4.51,1,1,Very Low ($0-10)
9979a776-897b-40fb-9d95-922ec8fd5408,11,1,361.85,1,18.6,PWPX0982761090992,Canned Tuna,Supermarket,Supermarket,18.6,1,1,Low ($10-25)
24c0605d-7e41-44a1-bbb5-7eff767dd698,4,1,340.23,1,17.11,PWPX0982761090999,Brown Rice,Supermarket,Supermarket,17.11,1,1,Low ($10-25)
f3704b10-bfda-4690-941d-faf94d65a478,5,1,268.17,1,270.42,PWPX0982761091116,DJI Mini Drone,Electronics,Electronics,270.42,1,1,Very High ($100-300)
34d03594-9e09-4f01-a03c-63ee53e46521,9,1,471.95,1,8.23,PWPX0982761091002,Granola Bars,Supermarket,Supermarket,8.23,1,1,Very Low ($0-10)
b5cffd62-f3d6-441b-aac2-105f9e180745,2,1,240.09,1,17.21,PWPX0982761091017,Salmon Filets,Supermarket,Supermarket,17.21,1,1,Low ($10-25)
b03c4219-b407-4de6-97b6-2a19b6aabbbd,1,2,612.64,1,31.29,PWPX0982761091001,Frozen Pizza,Supermarket,Supermarket,15.09,1,1,Low ($10-25)
cfd2d441-5153-4141-90bb-81666a72d9ea,3,2,321.28,1,10.26,PWPX0982761091093,Chocolate Milk,Supermarket,Supermarket,6.48,1,1,Very Low ($0-10)
a9ae2be3-f85a-4d68-bb62-0094c143a192,4,1,228.45,1,16.28,PWPX0982761091022,Shredded Cheese,Supermarket,Supermarket,16.28,1,1,Low ($10-25)
d756c0b9-9dd6-4ed9-9d2f-2366e481f147,1,1,246.54,1,11.53,PWPX0982761091067,Garlic Bread,Supermarket,Supermarket,11.53,1,1,Low ($10-25)
d266cd21-d012-438b-97f1-ade653898eca,4,1,343.0,1,13.83,PWPX0982761091042,Shredded Carrots,Supermarket,Supermarket,13.83,1,1,Low ($10-25)
3c5a6534-7ad3-4e2f-921a-2a4fb1f889ef,4,1,32.5,1,14.41,PWPX0982761091075,Potato Wedges,Supermarket,Supermarket,14.41,1,1,Low ($10-25)
98868a11-ea86-438d-8a12-9877fb819740,1,1,326.22,1,2.72,PWPX0982761091027,Coconut Water,Supermarket,Supermarket,2.72,1,1,Very Low ($0-10)
6daf30cf-67ca-4ab1-9d65-9f01fd90e1b2,17,1,74.37,1,10.57,PWPX0982761091034,Eggs,Supermarket,Supermarket,10.57,1,1,Low ($10-25)
e4d644c5-3719-45cb-b596-6d5f6ce6440f,6,1,480.73,1,15.49,PWPX0982761091044,Protein Bars,Supermarket,Supermarket,15.49,1,1,Low ($10-25)
1206f2bb-cc3f-4a5e-b07e-49c08c12298b,1,2,1045.57,1,16.54,PWPX0982761091055,Salsa,Supermarket,Supermarket,11.83,1,1,Low ($10-25)
9fbbda35-9bc5-4ca7-b4c7-4d56fc2e5545,7,1,85.76,1,19.38,PWPX0982761091039,Chicken Wings,Supermarket,Supermarket,19.38,1,1,Low ($10-25)
c78c9365-efba-426a-b1f6-04cbb6275814,11,1,173.03,1,6.56,PWPX0982761091013,Rice Cakes,Supermarket,Supermarket,6.56,1,1,Very Low ($0-10)
2093b5ca-ee37-40cf-a316-51965be4b6ad,12,1,273.23,1,528.96,PWPX0982761091124,Nest Thermostat,Electronics,Electronics,528.96,1,1,Premium ($300+)
0970ba41-1ba7-44d0-8e4e-84844360dd03,16,1,307.84,1,16.28,PWPX0982761091022,Shredded Cheese,Supermarket,Supermarket,16.28,1,1,Low ($10-25)
8fec01d0-7d31-4624-8f0f-6050815bfdb6,12,1,144.79,1,17.21,PWPX0982761091017,Salmon Filets,Supermarket,Supermarket,17.21,1,1,Low ($10-25)
c40bca62-b447-4c95-8333-333161d8f049,5,1,127.62,1,10.57,PWPX0982761091034,Eggs,Supermarket,Supermarket,10.57,1,1,Low ($10-25)
4444dfbe-0cfa-48b5-9d31-d8a07fcd44b0,18,1,469.74,1,10.96,PWPX0982761091094,Frozen Ravioli,Supermarket,Supermarket,10.96,1,1,Low ($10-25)
c3711e87-5167-4a34-9d48-6e0e75ff0b1c,6,1,46.38,1,15.28,PWPX0982761091092,Basil Pesto,Supermarket,Supermarket,15.28,1,1,Low ($10-25)
c1e8f84e-26ad-4bc2-ac78-db33c814a3f0,13,1,409.98,1,17.11,PWPX0982761090999,Brown Rice,Supermarket,Supermarket,17.11,1,1,Low ($10-25)
6c4c0ebf-7df5-4ea0-8423-c551836caa9f,8,1,215.91,1,7.29,PWPX0982761091030,Ice Cream,Supermarket,Supermarket,7.29,1,1,Very Low ($0-10)
0bdf2dc1-f8e0-4f1e-872d-72c79e014209,10,1,490.89,1,18.25,PWPX0982761091053,Cottage Cheese,Supermarket,Supermarket,18.25,1,1,Low ($10-25)
1b6d2eec-62ef-4d94-a873-caff38293d0a,3,1,219.36,1,9.97,PWPX0982761091031,Corn Tortillas,Supermarket,Supermarket,9.97,1,1,Very Low ($0-10)
9ec96d78-878d-4e39-9e6c-7c08c0d501ce,12,1,426.6,1,16.3,PWPX0982761091040,Hot Dog Buns,Supermarket,Supermarket,16.3,1,1,Low ($10-25)
d8b4a4b3-b35e-427c-a0cc-9988b0c5d264,18,2,481.26,1,489.88,PWPX0982761091111,HP Envy Printer,Electronics,Electronics,482.13,1,1,Premium ($300+)
b8efd1ea-0d85-4252-b07d-0bc2dd667c14,13,1,338.1,1,12.53,PWPX0982761091029,Garlic,Supermarket,Supermarket,12.53,1,1,Low ($10-25)
d0842d62-9c15-4d17-96c0-fa9009527a9f,10,1,333.69,1,710.27,PWPX0982761091117,Samsung QLED TV,Electronics,Electronics,710.27,1,1,Premium ($300+)
82f7dff8-545b-421d-9010-f02c2f415913,8,1,284.11,1,13.83,PWPX0982761091042,Shredded Carrots,Supermarket,Supermarket,13.83,1,1,Low ($10-25)
2e0c76a5-ca4d-4175-b079-a2f0d6c21d0a,4,1,164.29,1,738.81,PWPX0982761091110,Kindle Paperwhite,Electronics,Electronics,738.81,1,1,Premium ($300+)
06b94e59-1b32-4aec-ba38-74011fd47a64,14,1,651.57,1,528.96,PWPX0982761091124,Nest Thermostat,Electronics,Electronics,528.96,1,1,Premium ($300+)
92594285-a9bf-432f-b800-42b56fc3c0d9,7,1,413.1,1,19.77,PWPX0982761090986,Sourdough Bread,Supermarket,Supermarket,19.77,1,1,Low ($10-25)
127ad999-fbfd-4ded-b05d-50208b319b9e,2,1,317.24,1,690.88,PWPX0982761091097,Beats Studio Pro Headphone,Electronics,Electronics,690.88,1,1,Premium ($300+)
bf13a04b-6fa8-43ab-8d62-bcb39a8d7080,9,1,1089.6,1,300.54,PWPX0982761091119,Dyson V11 Vacuum,Electronics,Electronics,300.54,1,1,Premium ($300+)
d24bbfbf-4e41-4f47-a98b-02fb41e3d4cb,6,1,374.41,1,6.1,PWPX0982761091046,Orange Juice,Supermarket,Supermarket,6.1,1,1,Very Low ($0-10)
643fc0aa-d545-4317-9b72-e0fdfcd28a42,10,1,531.29,1,632.85,PWPX0982761091122,Roku Ultra Streaming Device,Electronics,Electronics,632.85,1,1,Premium ($300+)
4bcce55c-cf48-4b3a-b075-bbdf8aa68083,4,2,334.57,1,21.169999999999998,PWPX0982761091007,Apples,Supermarket,Supermarket,18.45,1,1,Low ($10-25)
fabb17f0-62c3-471c-9941-78ba07b5d1e7,13,1,890.67,1,9.37,PWPX0982761091006,Soy Sauce,Supermarket,Supermarket,9.37,1,1,Very Low ($0-10)
15108fd0-4d26-4b84-a56d-c4b293b5e653,13,1,138.49,1,11.13,PWPX0982761091057,String Cheese,Supermarket,Supermarket,11.13,1,1,Low ($10-25)
85cea899-e51d-4224-922d-c01f8c41ce66,3,1,317.44,1,18.01,PWPX0982761090988,Greek Yogurt,Supermarket,Supermarket,18.01,1,1,Low ($10-25)
e6747f63-bf93-4203-80c1-32298a18e6bc,8,1,387.81,1,10.44,PWPX0982761091084,Pancetta,Supermarket,Supermarket,10.44,1,1,Low ($10-25)
123c4f8e-39bc-4236-96be-e1a4d2c5787b,13,2,1084.6,1,13.799999999999999,PWPX0982761091087,Pumpkin Puree,Supermarket,Supermarket,9.29,1,1,Very Low ($0-10)
6fdf7ff0-30a7-4c7b-bb06-8c6f8a77369c,6,1,29.05,1,14.67,PWPX0982761091085,Red Grapes,Supermarket,Supermarket,14.67,1,1,Low ($10-25)
d5e15d17-2570-4696-b671-3aba2f2c56c6,17,1,59.67,1,19.77,PWPX0982761090986,Sourdough Bread,Supermarket,Supermarket,19.77,1,1,Low ($10-25)
17e572a0-2beb-4da2-a898-d0207d994360,2,1,450.47,1,8.68,PWPX0982761091019,Maple Syrup,Supermarket,Supermarket,8.68,1,1,Very Low ($0-10)
c308df27-e7bb-48b5-9ee5-31ca1515d259,1,1,459.74,1,9.29,PWPX0982761091087,Pumpkin Puree,Supermarket,Supermarket,9.29,1,1,Very Low ($0-10)
7216a923-cfba-4b8b-88f8-ee6ba5bb7710,2,1,285.75,1,17.28,PWPX0982761091000,Bagged Spinach,Supermarket,Supermarket,17.28,1,1,Low ($10-25)
6e42fcbe-9dd4-41c2-a8dc-1353a3d85422,15,1,304.55,1,13.28,PWPX0982761090993,Ground Coffee,Supermarket,Supermarket,13.28,1,1,Low ($10-25)
8b57840b-c4ff-4a96-a1e1-753c3897a6c2,1,1,42.88,1,18.6,PWPX0982761090992,Canned Tuna,Supermarket,Supermarket,18.6,1,1,Low ($10-25)
d9c4492b-3128-4adb-b747-1051cd7ce034,3,1,301.49,1,12.53,PWPX0982761090982,Kellogg's Frosties,Supermarket,Supermarket,12.53,1,1,Low ($10-25)
6c336ee6-ea0d-495e-80c0-0e0e4decc7d7,1,1,430.14,1,725.5,PWPX0982761091125,Nintendo Switch,Electronics,Electronics,725.5,1,1,Premium ($300+)
06faaddd-fd7e-4737-aad9-5b0fccc36420,19,1,298.69,1,725.5,PWPX0982761091125,Nintendo Switch,Electronics,Electronics,725.5,1,1,Premium ($300+)
0e38e133-83c4-47d4-94ea-438ea9ecc422,18,1,158.42,1,15.09,PWPX0982761091001,Frozen Pizza,Supermarket,Supermarket,15.09,1,1,Low ($10-25)
fdf4e2b6-1910-4c34-b06a-3da213bc5921,6,1,446.29,1,12.47,PWPX0982761090987,Cheddar Cheese,Supermarket,Supermarket,12.47,1,1,Low ($10-25)
6f12177f-d31a-4cbf-a343-a40a29f0229b,9,1,240.14,1,10.1,PWPX0982761090990,Frozen Peas,Supermarket,Supermarket,10.1,1,1,Low ($10-25)
a4bd65d3-f343-4026-8e74-066be66d1feb,10,1,314.48,1,3.78,PWPX0982761091009,Beef Jerky,Supermarket,Supermarket,3.78,1,1,Very Low ($0-10)
4d9c79cd-7cae-4926-aa99-bf6b70d0777b,19,1,414.11,1,12.01,PWPX0982761091037,Almond Butter,Supermarket,Supermarket,12.01,1,1,Low ($10-25)
d8935869-8c4f-42ff-b7e6-a945a1d59c26,11,1,363.88,1,647.73,PWPX0982761091106,NVIDIA GeForce RTX 3060,Electronics,Electronics,647.73,1,1,Premium ($300+)
ad85c387-9550-4023-bdc9-e784e09c02f2,4,1,70.11,1,12.53,PWPX0982761090982,Kellogg's Frosties,Supermarket,Supermarket,12.53,1,1,Low ($10-25)
b63b4fbe-8452-46af-b263-1bab7f178bf0,15,1,399.89,1,880.38,PWPX0982761091102,Sony PlayStation 5,Electronics,Electronics,880.38,1,1,Premium ($300+)
0153b676-e29d-4d88-aeca-dfe4435d60f1,1,1,247.11,1,19.55,PWPX0982761091049,Baking Soda,Supermarket,Supermarket,19.55,1,1,Low ($10-25)
f34af812-dde6-41f2-bc98-acd71fb5068e,9,1,24.65,1,11.02,PWPX0982761091063,Sweet Potatoes,Supermarket,Supermarket,11.02,1,1,Low ($10-25)
0a2efd6b-5a50-4eba-96fc-cee49fec566d,19,1,74.46,1,3.1,PWPX0982761091077,Frozen Mixed Berries,Supermarket,Supermarket,3.1,1,1,Very Low ($0-10)
22e0c5af-899f-4f27-ad6f-45fa6da93f63,9,1,93.17,1,3.78,PWPX0982761091009,Beef Jerky,Supermarket,Supermarket,3.78,1,1,Very Low ($0-10)
7adb65be-c808-424c-9df2-49f3f148bf81,2,1,290.68,1,13.27,PWPX0982761091069,Ground Beef,Supermarket,Supermarket,13.27,1,1,Low ($10-25)
ff4b3771-983c-4c97-9612-fbf5bb0f134c,9,1,792.41,1,16.28,PWPX0982761091022,Shredded Cheese,Supermarket,Supermarket,16.28,1,1,Low ($10-25)
091b676a-cafb-4a89-8f68-e145f50708e6,4,2,473.04,1,19.75,PWPX0982761091069,Ground Beef,Supermarket,Supermarket,13.27,1,1,Low ($10-25)
1a00b9e6-971b-43f2-b965-20ca188c624c,7,1,119.5,1,15.89,PWPX0982761091051,Frozen Berries,Supermarket,Supermarket,15.89,1,1,Low ($10-25)
981c6a9c-14ad-4a2a-ae9a-b8209d85ec6b,11,1,49.07,1,11.26,PWPX0982761091073,Apple Sauce,Supermarket,Supermarket,11.26,1,1,Low ($10-25)
8abee0b2-900a-49ac-bfaf-47649e1ca4dc,10,1,264.2,1,10.96,PWPX0982761091094,Frozen Ravioli,Supermarket,Supermarket,10.96,1,1,Low ($10-25)
fe566c3a-cdce-45f8-877b-981d34030526,18,2,202.77,1,14.14,PWPX0982761091083,Chia Seeds,Supermarket,Supermarket,8.21,1,1,Very Low ($0-10)
2524a8e1-9901-4d62-9c13-0d34bb171d7e,17,1,418.07,1,690.88,PWPX0982761091097,Beats Studio Pro Headphone,Electronics,Electronics,690.88,1,1,Premium ($300+)
4624be6c-f138-4ceb-bc20-188c6e047d7f,12,1,148.8,1,6.22,PWPX0982761091025,Trail Mix,Supermarket,Supermarket,6.22,1,1,Very Low ($0-10)
afc0b21a-d95b-4efc-a34b-da7b5d930da2,4,1,490.77,1,180.2,PWPX0982761091120,Apple iPhone 13 Pro,Electronics,Electronics,180.2,1,1,Very High ($100-300)
cfade227-fc8a-4d7c-8940-815da94f69eb,13,1,180.16,1,334.68,PWPX0982761091121,Asus ROG Gaming Laptop,Electronics,Electronics,334.68,1,1,Premium ($300+)
ba0b4cd6-0a73-4068-bcff-432ed651d272,3,1,247.65,1,738.81,PWPX0982761091110,Kindle Paperwhite,Electronics,Electronics,738.81,1,1,Premium ($300+)
629d1615-36e6-47c7-b6ae-f8affcb23b72,4,1,1053.04,1,12.63,PWPX0982761091070,Tortilla Chips,Supermarket,Supermarket,12.63,1,1,Low ($10-25)
23f3e7dd-b921-4c89-a87f-20e30769c18d,7,1,59.06,1,10.47,PWPX0982761091071,Oyster Sauce,Supermarket,Supermarket,10.47,1,1,Low ($10-25)
f8db7b03-c4b6-408e-b531-0661d65caee7,11,1,606.15,1,6.48,PWPX0982761091093,Chocolate Milk,Supermarket,Supermarket,6.48,1,1,Very Low ($0-10)
f4b24a78-5b1e-4573-a99d-2b73edfe75d7,5,1,437.35,1,17.28,PWPX0982761091000,Bagged Spinach,Supermarket,Supermarket,17.28,1,1,Low ($10-25)
22283673-9965-440e-8418-dfe006fa4d4f,15,1,147.38,1,3.1,PWPX0982761091077,Frozen Mixed Berries,Supermarket,Supermarket,3.1,1,1,Very Low ($0-10)
bbbd69b6-ada9-4c88-bf49-33de406befc2,7,1,307.55,1,16.0,PWPX0982761091043,Mozzarella Sticks,Supermarket,Supermarket,16.0,1,1,Low ($10-25)
331a98d7-7dec-421e-a65a-e91077f6516c,7,1,114.67,1,8.48,PWPX0982761091054,Turkey Burgers,Supermarket,Supermarket,8.48,1,1,Very Low ($0-10)
b3cea9fb-cf18-4260-9954-932741f1b94b,15,1,275.92,1,11.08,PWPX0982761091020,Frozen Waffles,Supermarket,Supermarket,11.08,1,1,Low ($10-25)
a0bb6613-7881-4f45-b093-d25a129586b8,6,1,264.35,1,9.48,PWPX0982761091091,Diced Tomatoes,Supermarket,Supermarket,9.48,1,1,Very Low ($0-10)
b90d5363-1840-4b58-a488-79be448635b5,14,1,1168.4,1,3.85,PWPX0982761091018,Butter,Supermarket,Supermarket,3.85,1,1,Very Low ($0-10)
e5c69fe2-3f42-487a-8237-41d0151b86c3,11,1,209.52,1,16.82,PWPX0982761091079,Canned Chickpeas,Supermarket,Supermarket,16.82,1,1,Low ($10-25)
dd9d2ea3-1a9d-4de3-aaa4-628b072bbe56,5,1,182.86,1,15.69,PWPX0982761091076,Chicken Thighs,Supermarket,Supermarket,15.69,1,1,Low ($10-25)
8c3d8eec-f25c-4f3f-8369-f93ed547a921,1,1,242.43,1,18.35,PWPX0982761091028,Spaghetti,Supermarket,Supermarket,18.35,1,1,Low ($10-25)
306208e5-c788-49d3-9aae-82b661dd636b,6,1,41.23,1,8.48,PWPX0982761091054,Turkey Burgers,Supermarket,Supermarket,8.48,1,1,Very Low ($0-10)
483dff1f-dcd1-43bd-8e6d-f56314d54cef,7,1,1004.21,1,15.89,PWPX0982761091051,Frozen Berries,Supermarket,Supermarket,15.89,1,1,Low ($10-25)
16b4b14d-f9be-4835-b4ea-d3c54792f199,14,1,303.51,1,6.56,PWPX0982761091013,Rice Cakes,Supermarket,Supermarket,6.56,1,1,Very Low ($0-10)
5b395056-d51d-4a37-949d-2993d277dfd0,2,1,22.93,1,12.53,PWPX0982761091029,Garlic,Supermarket,Supermarket,12.53,1,1,Low ($10-25)
b696c815-00a6-4f52-9137-e6ef9879d2f8,10,1,59.42,1,840.38,PWPX0982761091115,Garmin Forerunner,Electronics,Electronics,840.38,1,1,Premium ($300+)
b97fca0b-1f49-4d49-a22c-a90f3ac46ec0,4,2,370.2,1,33.94,PWPX0982761091053,Cottage Cheese,Supermarket,Supermarket,18.25,1,1,Low ($10-25)
d0b15285-0787-4310-9117-ebc353bf97f0,15,1,432.44,1,4.81,PWPX0982761091058,Frozen Chicken Nuggets,Supermarket,Supermarket,4.81,1,1,Very Low ($0-10)
46419961-a43c-4477-8202-04526895796c,7,1,48.38,1,11.53,PWPX0982761091067,Garlic Bread,Supermarket,Supermarket,11.53,1,1,Low ($10-25)
2e26718a-c05f-4bbd-a88a-0f186975ab85,19,1,679.35,1,18.35,PWPX0982761091028,Spaghetti,Supermarket,Supermarket,18.35,1,1,Low ($10-25)
22292df1-b4eb-4d60-9ffe-505a54219cc1,16,2,98.03,1,17.79,PWPX0982761090997,Chicken Breast,Supermarket,Supermarket,5.93,1,1,Very Low ($0-10)
dd8676ca-e443-4e19-960e-5e366a941df8,17,1,484.99,1,6.56,PWPX0982761091013,Rice Cakes,Supermarket,Supermarket,6.56,1,1,Very Low ($0-10)
b37e8f96-16bb-4e2a-9cb3-17d9d2166389,10,1,30.51,1,14.67,PWPX0982761091085,Red Grapes,Supermarket,Supermarket,14.67,1,1,Low ($10-25)
3051e985-abff-4277-9937-75740f1166ad,18,1,824.35,1,4.71,PWPX0982761091078,Frozen Shrimp,Supermarket,Supermarket,4.71,1,1,Very Low ($0-10)
36572a82-753a-4cfb-a056-07cb1ea0d2b5,13,1,270.52,1,19.99,PWPX0982761091035,Ranch Dressing,Supermarket,Supermarket,19.99,1,1,Low ($10-25)
0e6f09d0-4ad3-490e-a8a0-1c76be8e5204,17,1,184.07,1,16.0,PWPX0982761091043,Mozzarella Sticks,Supermarket,Supermarket,16.0,1,1,Low ($10-25)
858e60f6-1851-4c99-ba25-089de42905db,17,1,430.63,1,3.78,PWPX0982761091009,Beef Jerky,Supermarket,Supermarket,3.78,1,1,Very Low ($0-10)
ac2902fc-66c3-448d-9441-293e0d64d6a8,17,1,213.68,1,9.37,PWPX0982761091006,Soy Sauce,Supermarket,Supermarket,9.37,1,1,Very Low ($0-10)
8788de2b-ae2f-4632-9b31-f54e210ca3a1,5,1,331.24,1,12.53,PWPX0982761091029,Garlic,Supermarket,Supermarket,12.53,1,1,Low ($10-25)
9a611b78-e35c-4559-804d-05b4d9f0d9b6,1,1,466.31,1,10.47,PWPX0982761091071,Oyster Sauce,Supermarket,Supermarket,10.47,1,1,Low ($10-25)
ffe33010-8422-4586-ac0d-68ccc05abbb7,11,1,211.66,1,11.69,PWPX0982761091066,Frozen French Fries,Supermarket,Supermarket,11.69,1,1,Low ($10-25)
0726758a-9335-4d7c-888f-820ef4aa871c,1,1,290.72,1,14.67,PWPX0982761091085,Red Grapes,Supermarket,Supermarket,14.67,1,1,Low ($10-25)
527a9897-a481-4657-80ad-c2cc701792d0,17,3,324.47,1,39.839999999999996,PWPX0982761090993,Ground Coffee,Supermarket,Supermarket,13.28,1,1,Low ($10-25)
4aa72845-6bab-4d4c-b17b-1d6e2544c262,16,1,246.19,1,13.27,PWPX0982761091069,Ground Beef,Supermarket,Supermarket,13.27,1,1,Low ($10-25)
77a5566c-4451-4183-9bb2-e1b6b985fd8d,18,1,88.58,1,7.81,PWPX0982761091074,Frozen Corn,Supermarket,Supermarket,7.81,1,1,Very Low ($0-10)
591a9694-beab-4a38-b7d3-a0df146f288f,1,1,210.37,1,17.54,PWPX0982761090991,Honey Nut Cheerios,Supermarket,Supermarket,17.54,1,1,Low ($10-25)
85835280-f53b-4ba9-92a7-8209430c6abb,2,1,288.08,1,15.89,PWPX0982761091051,Frozen Berries,Supermarket,Supermarket,15.89,1,1,Low ($10-25)
3f75ba68-9a4c-4208-9ec6-9eaa4b540b84,18,2,204.96,1,18.83,PWPX0982761091065,Avocado Oil,Supermarket,Supermarket,8.75,1,1,Very Low ($0-10)
e520678d-d02a-4ad4-b825-4b23bc6896f4,4,1,55.92,1,16.67,PWPX0982761091052,Baby Spinach,Supermarket,Supermarket,16.67,1,1,Low ($10-25)
7eb6f2bd-ee68-4e39-9784-1fead652d532,19,1,467.22,1,17.28,PWPX0982761091000,Bagged Spinach,Supermarket,Supermarket,17.28,1,1,Low ($10-25)
e8e51de4-750d-4c22-8eec-6bac853bee93,6,1,1076.64,1,632.85,PWPX0982761091122,Roku Ultra Streaming Device,Electronics,Electronics,632.85,1,1,Premium ($300+)
f9e33b59-f9ec-4f72-b571-5ca25e204fd4,12,3,77.2,1,37.410000000000004,PWPX0982761090987,Cheddar Cheese,Supermarket,Supermarket,12.47,1,1,Low ($10-25)
7d92fb1a-ad68-4f1d-90ff-abf6e2d24dcf,10,1,138.57,1,11.69,PWPX0982761091066,Frozen French Fries,Supermarket,Supermarket,11.69,1,1,Low ($10-25)
1a573440-d7ab-49a8-a3f8-58e3e0ae0bf9,13,1,250.49,1,15.89,PWPX0982761091051,Frozen Berries,Supermarket,Supermarket,15.89,1,1,Low ($10-25)
734c30bc-2ee1-4475-a9e5-53067cc7a11c,2,2,546.07,1,14.82,PWPX0982761091084,Pancetta,Supermarket,Supermarket,10.44,1,1,Low ($10-25)
8376cfd6-eb99-4645-b406-0111e8c6eb7f,10,1,433.55,1,7.92,PWPX0982761091012,Hummus,Supermarket,Supermarket,7.92,1,1,Very Low ($0-10)
92e217ca-190d-4c86-a83a-a4d71f62883e,13,1,75.39,1,16.0,PWPX0982761091043,Mozzarella Sticks,Supermarket,Supermarket,16.0,1,1,Low ($10-25)
b43276e4-6931-4e6e-8fd8-a8a24a4070de,7,1,240.33,1,6.56,PWPX0982761091013,Rice Cakes,Supermarket,Supermarket,6.56,1,1,Very Low ($0-10)
b0925eb7-7583-4c41-9ff1-d034c666f4a5,16,1,1033.08,1,18.35,PWPX0982761091028,Spaghetti,Supermarket,Supermarket,18.35,1,1,Low ($10-25)
a3209c41-9295-404f-82d1-3ecc6716304a,2,1,270.44,1,17.21,PWPX0982761091017,Salmon Filets,Supermarket,Supermarket,17.21,1,1,Low ($10-25)
f0c1a4b4-5ff8-48d0-935c-e1642efd6694,5,1,457.37,1,246.7,PWPX0982761091114,Sony WH-1000XM4 Headphones,Electronics,Electronics,246.7,1,1,Very High ($100-300)
4e2ea0aa-ff08-4dbc-87af-da8b556a560d,3,1,473.34,1,270.42,PWPX0982761091116,DJI Mini Drone,Electronics,Electronics,270.42,1,1,Very High ($100-300)
07c3e74d-7721-48e3-aebf-78f2b1278797,16,1,179.85,1,14.67,PWPX0982761091085,Red Grapes,Supermarket,Supermarket,14.67,1,1,Low ($10-25)
aab77560-b93f-47fb-8ce0-7ae1a0e42f5a,11,1,686.72,1,4.38,PWPX0982761090998,Broccoli,Supermarket,Supermarket,4.38,1,1,Very Low ($0-10)
a2c82e83-8024-4716-82e3-61342aeeeb14,9,1,667.87,1,585.52,PWPX0982761091101,Bose QuietComfort Earbuds,Electronics,Electronics,585.52,1,1,Premium ($300+)
87d2721b-9ab4-4627-af41-21db5a561573,7,1,234.4,1,6.56,PWPX0982761091013,Rice Cakes,Supermarket,Supermarket,6.56,1,1,Very Low ($0-10)
36db9249-b5ca-4971-ac34-f3a99fa2ae49,15,1,87.92,1,17.95,PWPX0982761091082,Baking Powder,Supermarket,Supermarket,17.95,1,1,Low ($10-25)
6c9963a9-39e3-4c96-a019-a0603fd2459d,13,1,41.27,1,10.08,PWPX0982761091089,Pita Bread,Supermarket,Supermarket,10.08,1,1,Low ($10-25)
21381fa4-08cd-47c2-9267-0a568846da42,1,1,1025.22,1,270.42,PWPX0982761091116,DJI Mini Drone,Electronics,Electronics,270.42,1,1,Very High ($100-300)
6bb45f5c-d8b1-487d-912e-b66cc8275004,7,1,282.65,1,6.13,PWPX0982761091072,Cereal Bars,Supermarket,Supermarket,6.13,1,1,Very Low ($0-10)
c1a4d2b0-33a3-49d3-a30d-bed1f2bed96b,17,2,87.15,1,18.85,PWPX0982761091091,Diced Tomatoes,Supermarket,Supermarket,9.48,1,1,Very Low ($0-10)
fb192a3f-adc3-43a4-8222-cfc3ec65b86a,14,1,197.69,1,11.53,PWPX0982761091067,Garlic Bread,Supermarket,Supermarket,11.53,1,1,Low ($10-25)
b2577893-cba2-432d-abdf-320e04b7fcae,13,1,208.32,1,16.42,PWPX0982761091061,Cheese Sticks,Supermarket,Supermarket,16.42,1,1,Low ($10-25)
bd6ba52d-84ee-4f0d-b116-a5c122b72740,6,1,368.65,1,11.26,PWPX0982761091073,Apple Sauce,Supermarket,Supermarket,11.26,1,1,Low ($10-25)
17b7955e-f75a-4239-997c-58d6c1878523,16,1,311.06,1,6.13,PWPX0982761091072,Cereal Bars,Supermarket,Supermarket,6.13,1,1,Very Low ($0-10)
9abd22d6-40d7-4d1a-9113-a3fcdcd5e04f,4,1,465.88,1,19.8,PWPX0982761091062,Bread Crumbs,Supermarket,Supermarket,19.8,1,1,Low ($10-25)
31b5c50c-cc97-4b80-a6ed-d714b7dd84c4,1,1,440.4,1,12.71,PWPX0982761091010,Italian Sausage,Supermarket,Supermarket,12.71,1,1,Low ($10-25)
5b0c7043-8429-4229-a2de-b675333bac40,8,1,194.21,1,7.82,PWPX0982761090989,Tomato Soup,Supermarket,Supermarket,7.82,1,1,Very Low ($0-10)
cc938eb6-9fce-4f83-ad4e-cfcbcf23a4dd,19,1,257.46,1,14.67,PWPX0982761091085,Red Grapes,Supermarket,Supermarket,14.67,1,1,Low ($10-25)
256cc844-6bcd-4530-952e-38aec419d3c1,19,1,1042.67,1,13.28,PWPX0982761090993,Ground Coffee,Supermarket,Supermarket,13.28,1,1,Low ($10-25)
6160fdeb-678c-4c53-9fee-fda82dcaf9c7,1,1,146.86,1,2.16,PWPX0982761091081,Vegetable Stock,Supermarket,Supermarket,2.16,1,1,Very Low ($0-10)
6f86eafe-a8b5-47e8-a54b-d2fb3f963f99,17,1,271.17,1,10.96,PWPX0982761091094,Frozen Ravioli,Supermarket,Supermarket,10.96,1,1,Low ($10-25)
4f5daf85-e269-49a8-80a9-67bc54269b69,4,1,886.23,1,690.88,PWPX0982761091097,Beats Studio Pro Headphone,Electronics,Electronics,690.88,1,1,Premium ($300+)
97c869a3-4687-46ac-9364-acbb3d83d6f4,1,1,462.34,1,18.45,PWPX0982761091007,Apples,Supermarket,Supermarket,18.45,1,1,Low ($10-25)
d2c20b40-a4d2-4b7a-a8e2-7c2efb782c45,4,1,446.72,1,10.8,PWPX0982761091060,Ramen,Supermarket,Supermarket,10.8,1,1,Low ($10-25)
8cf9b0ed-c186-4f2e-9675-e68f90bd5302,5,1,492.47,1,6.56,PWPX0982761091013,Rice Cakes,Supermarket,Supermarket,6.56,1,1,Very Low ($0-10)
f776db14-0143-4693-96d9-44b3e345bc7a,18,1,470.9,1,7.92,PWPX0982761091012,Hummus,Supermarket,Supermarket,7.92,1,1,Very Low ($0-10)
124fa999-35c4-403e-8e9b-9fbd2945a3e0,19,1,34.68,1,18.35,PWPX0982761091028,Spaghetti,Supermarket,Supermarket,18.35,1,1,Low ($10-25)
c387e3bd-100f-4478-bfeb-03e9f9a13330,6,1,295.05,1,10.08,PWPX0982761091089,Pita Bread,Supermarket,Supermarket,10.08,1,1,Low ($10-25)
0244e4e9-3518-441c-b185-bf5f340329fb,11,1,180.5,1,750.72,PWPX0982761091113,Google Chromecast,Electronics,Electronics,750.72,1,1,Premium ($300+)
c33c98c6-f55b-4a03-b506-4c266c0f4417,18,1,335.9,1,187.4,PWPX0982761091126,Panasonic Lumix Camera,Electronics,Electronics,187.4,1,1,Very High ($100-300)
bd80a808-c91c-43ed-8174-b0cba03b69bd,2,1,414.64,1,5.92,PWPX0982761091059,Organic Baby Carrots,Supermarket,Supermarket,5.92,1,1,Very Low ($0-10)
7a08480a-324f-46ee-8835-e060bf2393ea,1,1,117.62,1,7.82,PWPX0982761090989,Tomato Soup,Supermarket,Supermarket,7.82,1,1,Very Low ($0-10)
9200bca7-ed98-4181-b916-ddd3e8fc7c19,7,1,58.93,1,11.08,PWPX0982761091020,Frozen Waffles,Supermarket,Supermarket,11.08,1,1,Low ($10-25)
b907df27-e7c5-4ed5-811b-170305149200,14,1,217.09,1,13.83,PWPX0982761091042,Shredded Carrots,Supermarket,Supermarket,13.83,1,1,Low ($10-25)
c3284b37-4e82-40a3-b1a5-7a74a6e1d28d,2,1,458.83,1,13.31,PWPX0982761091095,Croutons,Supermarket,Supermarket,13.31,1,1,Low ($10-25)
5adea056-39db-4016-808f-5f81a5019afc,19,1,273.83,1,5.92,PWPX0982761091059,Organic Baby Carrots,Supermarket,Supermarket,5.92,1,1,Very Low ($0-10)
0ad591fb-c810-451c-96bc-f635572791ad,11,1,576.39,1,10.16,PWPX0982761091050,Rice Pudding,Supermarket,Supermarket,10.16,1,1,Low ($10-25)
f1f56b27-489e-4280-852b-64966c62bf7f,14,1,74.88,1,12.53,PWPX0982761091029,Garlic,Supermarket,Supermarket,12.53,1,1,Low ($10-25)
fb69c0ab-9fc0-4b27-a0bd-798b8361bd24,19,1,53.88,1,9.29,PWPX0982761091087,Pumpkin Puree,Supermarket,Supermarket,9.29,1,1,Very Low ($0-10)
cd48ebb8-c376-4b88-990f-b09c3b38c610,1,1,262.24,1,18.35,PWPX0982761091028,Spaghetti,Supermarket,Supermarket,18.35,1,1,Low ($10-25)
dc70aef8-c5da-4763-9cd4-e254ca13871f,3,2,878.43,1,12.86,PWPX0982761091038,Beef Patties,Supermarket,Supermarket,6.94,1,1,Very Low ($0-10)
6e70b06e-ce1d-4d06-ac3e-236d63384ce8,7,1,590.65,1,10.1,PWPX0982761090990,Frozen Peas,Supermarket,Supermarket,10.1,1,1,Low ($10-25)
a12e5d30-f1dc-4a26-9df3-157c7a461c73,11,1,190.11,1,10.57,PWPX0982761091034,Eggs,Supermarket,Supermarket,10.57,1,1,Low ($10-25)
6f39dc4f-cb53-49d7-8fe3-ac48cd8e14b4,6,2,375.27,1,13.14,PWPX0982761090998,Broccoli,Supermarket,Supermarket,4.38,1,1,Very Low ($0-10)
fe3e843f-8545-4179-83c8-f514364b17a8,10,1,453.67,1,4.81,PWPX0982761091058,Frozen Chicken Nuggets,Supermarket,Supermarket,4.81,1,1,Very Low ($0-10)
a2c84e75-2f71-4d85-a94a-32d13e11dcdc,19,1,1040.29,1,9.97,PWPX0982761091031,Corn Tortillas,Supermarket,Supermarket,9.97,1,1,Very Low ($0-10)
fee946b2-a6a0-430d-89ed-a53e68cc2ddb,18,1,250.55,1,17.11,PWPX0982761090999,Brown Rice,Supermarket,Supermarket,17.11,1,1,Low ($10-25)
e4143f48-92de-4a41-bee6-018c612ae3c0,16,1,231.98,1,4.43,PWPX0982761091015,Bell Peppers,Supermarket,Supermarket,4.43,1,1,Very Low ($0-10)
24afa4bb-c713-4534-a66b-75dc5a4146b5,11,1,1203.95,1,8.68,PWPX0982761091019,Maple Syrup,Supermarket,Supermarket,8.68,1,1,Very Low ($0-10)
52f123d0-34c1-44fa-8136-00bb9a09aada,8,1,311.78,1,7.29,PWPX0982761091030,Ice Cream,Supermarket,Supermarket,7.29,1,1,Very Low ($0-10)
993134dd-539e-4996-a04a-0c685dbc8be4,1,1,195.94,1,11.02,PWPX0982761091063,Sweet Potatoes,Supermarket,Supermarket,11.02,1,1,Low ($10-25)
f3c89fdb-b9bd-477e-9efe-3806fef44164,4,1,148.88,1,5.8,PWPX0982761091004,Instant Noodles,Supermarket,Supermarket,5.8,1,1,Very Low ($0-10)
decc15a5-8232-41f4-8947-dfae146b0c92,14,1,1090.55,1,15.49,PWPX0982761091044,Protein Bars,Supermarket,Supermarket,15.49,1,1,Low ($10-25)
76667171-691d-4cac-89d8-985f52a6a306,9,1,1022.29,1,7.82,PWPX0982761090989,Tomato Soup,Supermarket,Supermarket,7.82,1,1,Very Low ($0-10)
ac4d498d-d637-44d7-a0bc-5aa5bc5df1c1,15,1,319.16,1,17.21,PWPX0982761091017,Salmon Filets,Supermarket,Supermarket,17.21,1,1,Low ($10-25)
be1004f2-973a-4750-9a47-6c6e0a747189,1,1,450.93,1,13.13,PWPX0982761091088,Frozen Edamame,Supermarket,Supermarket,13.13,1,1,Low ($10-25)
0e7a6908-43c9-4beb-8ede-2678893a4fc0,16,1,753.22,1,17.54,PWPX0982761090991,Honey Nut Cheerios,Supermarket,Supermarket,17.54,1,1,Low ($10-25)
34d863c0-21a1-49e3-82a9-994c6fa2a28c,12,1,23.95,1,13.13,PWPX0982761091088,Frozen Edamame,Supermarket,Supermarket,13.13,1,1,Low ($10-25)
128380ec-12b7-483f-a0b7-6722dd354c29,1,1,223.68,1,6.94,PWPX0982761091038,Beef Patties,Supermarket,Supermarket,6.94,1,1,Very Low ($0-10)
43499096-6ea5-49ae-bcc6-b60f21637931,7,1,430.74,1,8.11,PWPX0982761090995,Cinnamon Toast Crunch,Supermarket,Supermarket,8.11,1,1,Very Low ($0-10)
86118b72-87e2-4a58-9312-7219d2b9b2a7,14,1,319.37,1,3.78,PWPX0982761091009,Beef Jerky,Supermarket,Supermarket,3.78,1,1,Very Low ($0-10)
59423f25-72e8-4cae-b435-a3f48f71490b,16,1,834.35,1,8.75,PWPX0982761091065,Avocado Oil,Supermarket,Supermarket,8.75,1,1,Very Low ($0-10)
f3c29503-2e5d-4c4b-83bf-2ec68fed47d6,3,1,336.33,1,528.96,PWPX0982761091124,Nest Thermostat,Electronics,Electronics,528.96,1,1,Premium ($300+)
bd3da28e-f96d-4eaf-a283-d3c1d5f0b321,15,1,1019.69,1,8.54,PWPX0982761091036,Frozen Vegetables,Supermarket,Supermarket,8.54,1,1,Very Low ($0-10)
8af92764-fb07-44a4-9aaa-0c2eb892e8dc,14,1,312.73,1,19.99,PWPX0982761091035,Ranch Dressing,Supermarket,Supermarket,19.99,1,1,Low ($10-25)
a445070e-a414-464b-9e90-e172a80e36b4,13,2,266.24,1,15.2,PWPX0982761091073,Apple Sauce,Supermarket,Supermarket,11.26,1,1,Low ($10-25)
3e6a6127-fc9f-4c47-9a1b-2a5aecf75e8e,12,1,475.07,1,11.83,PWPX0982761091055,Salsa,Supermarket,Supermarket,11.83,1,1,Low ($10-25)
dcb6af16-7863-4913-802e-f89a3ad43af6,14,1,326.94,1,16.3,PWPX0982761091040,Hot Dog Buns,Supermarket,Supermarket,16.3,1,1,Low ($10-25)
f15feba0-dd32-48dc-b0bb-f59ecd7323d6,18,1,427.41,1,187.4,PWPX0982761091126,Panasonic Lumix Camera,Electronics,Electronics,187.4,1,1,Very High ($100-300)
9ec81891-418e-4a89-863c-cf38d06bdda4,10,1,387.92,1,7.29,PWPX0982761091030,Ice Cream,Supermarket,Supermarket,7.29,1,1,Very Low ($0-10)
529e1ca9-1733-4512-8d28-420fa6eb5aec,10,1,371.12,1,5.92,PWPX0982761091059,Organic Baby Carrots,Supermarket,Supermarket,5.92,1,1,Very Low ($0-10)
11704eeb-74e6-4cbb-ac21-c375f3ca9582,10,1,486.4,1,18.45,PWPX0982761091007,Apples,Supermarket,Supermarket,18.45,1,1,Low ($10-25)
cf4830dd-b503-4fea-8485-134819fda526,4,1,763.95,1,8.23,PWPX0982761091002,Granola Bars,Supermarket,Supermarket,8.23,1,1,Very Low ($0-10)
4cee270d-a66c-4449-be62-b7f3ccd79406,14,1,21.23,1,12.53,PWPX0982761090982,Kellogg's Frosties,Supermarket,Supermarket,12.53,1,1,Low ($10-25)
66f99f13-5463-42cd-80c0-45de04df1854,15,1,74.0,1,12.53,PWPX0982761091029,Garlic,Supermarket,Supermarket,12.53,1,1,Low ($10-25)
21c76fb6-71a2-43e0-9f40-12666d48f446,19,1,20.54,1,632.85,PWPX0982761091122,Roku Ultra Streaming Device,Electronics,Electronics,632.85,1,1,Premium ($300+)
52dab068-9c1d-470b-b445-9cad19720576,18,1,287.65,1,3.94,PWPX0982761090985,Organic Bananas,Supermarket,Supermarket,3.94,1,1,Very Low ($0-10)
d4c4d41a-70db-4373-b5c2-f576a00fc1f5,13,1,235.01,1,6.94,PWPX0982761091038,Beef Patties,Supermarket,Supermarket,6.94,1,1,Very Low ($0-10)
dd281f37-4a3a-4b2a-8bcc-e96a106fa662,1,1,895.42,1,3.85,PWPX0982761091018,Butter,Supermarket,Supermarket,3.85,1,1,Very Low ($0-10)
2d2336f1-2258-4da5-bdf2-a8ea2d6ac378,6,1,142.04,1,16.0,PWPX0982761091043,Mozzarella Sticks,Supermarket,Supermarket,16.0,1,1,Low ($10-25)
840ac622-0c03-4834-b0fb-4610ce3365f5,3,1,326.97,1,3.78,PWPX0982761091009,Beef Jerky,Supermarket,Supermarket,3.78,1,1,Very Low ($0-10)
3be4b0fe-fee0-4ec4-b9e0-fe2ce10394d9,3,1,473.35,1,3.48,PWPX0982761091048,Flour,Supermarket,Supermarket,3.48,1,1,Very Low ($0-10)
fc9604ba-feef-4643-a39d-2ce061ca0689,13,1,391.57,1,18.81,PWPX0982761091064,Red Onions,Supermarket,Supermarket,18.81,1,1,Low ($10-25)
0fb25b5c-efa4-411c-bab3-55ec32a1615c,17,1,53.74,1,16.28,PWPX0982761091022,Shredded Cheese,Supermarket,Supermarket,16.28,1,1,Low ($10-25)
e4f47dd7-c1ae-4c4a-a19c-ca19c645f01f,16,1,955.94,1,9.95,PWPX0982761090984,Whole Milk,Supermarket,Supermarket,9.95,1,1,Very Low ($0-10)
48e7d896-b6d3-4e93-a1bb-b1ca03661cad,13,1,858.54,1,13.22,PWPX0982761091003,Sliced Turkey,Supermarket,Supermarket,13.22,1,1,Low ($10-25)
988afaa4-edf9-43f0-a33f-9b697b1c2a4f,2,1,367.63,1,13.74,PWPX0982761091080,Spices Assortment,Supermarket,Supermarket,13.74,1,1,Low ($10-25)
3d7d2c62-12e4-4e7d-8763-fd090560b610,10,1,341.83,1,12.47,PWPX0982761090987,Cheddar Cheese,Supermarket,Supermarket,12.47,1,1,Low ($10-25)
a58b1d97-f358-4c03-a211-a43b3d879d6d,12,1,241.25,1,4.43,PWPX0982761091015,Bell Peppers,Supermarket,Supermarket,4.43,1,1,Very Low ($0-10)
f7f18444-062e-4f27-8b7e-96a32eb0cc2d,3,1,342.29,1,15.49,PWPX0982761091044,Protein Bars,Supermarket,Supermarket,15.49,1,1,Low ($10-25)
7f1ef8bf-2cbb-4a63-b25c-71dbd76158a9,10,1,99.02,1,19.32,PWPX0982761090994,Peanut Butter,Supermarket,Supermarket,19.32,1,1,Low ($10-25)
f32e4a09-7e97-4a1b-8b4a-53a4ba7fd22d,13,1,385.08,1,12.44,PWPX0982761091096,Cooking Spray,Supermarket,Supermarket,12.44,1,1,Low ($10-25)
6362ef57-2ec2-4266-ac1f-5e94f65101e7,2,1,827.52,1,180.2,PWPX0982761091120,Apple iPhone 13 Pro,Electronics,Electronics,180.2,1,1,Very High ($100-300)
9e6beb2e-104d-4aeb-9aec-a31da6900c86,11,1,374.92,1,710.27,PWPX0982761091117,Samsung QLED TV,Electronics,Electronics,710.27,1,1,Premium ($300+)
e07ec017-b761-499b-ae3a-939251c14ddb,2,1,321.97,1,10.78,PWPX0982761091024,Chocolate Chip Cookies,Supermarket,Supermarket,10.78,1,1,Low ($10-25)
30c51403-7281-4b69-896f-3dc02551d0ac,4,1,304.65,1,13.31,PWPX0982761091095,Croutons,Supermarket,Supermarket,13.31,1,1,Low ($10-25)
7cdf3962-6572-45d3-aca5-9ac1ca38ce9a,2,1,292.09,1,12.71,PWPX0982761091010,Italian Sausage,Supermarket,Supermarket,12.71,1,1,Low ($10-25)
149cfc55-361d-4c90-b08f-104473ef12c2,7,1,616.47,1,4.67,PWPX0982761090983,Uncured Bacon,Supermarket,Supermarket,4.67,1,1,Very Low ($0-10)
73e016a9-af87-4b15-bb4c-1e7b7982c400,9,2,25.96,1,21.700000000000003,PWPX0982761090992,Canned Tuna,Supermarket,Supermarket,18.6,1,1,Low ($10-25)
ba7e381f-5b35-4a9c-abb0-ea4f4b923f02,12,1,284.6,1,17.54,PWPX0982761090991,Honey Nut Cheerios,Supermarket,Supermarket,17.54,1,1,Low ($10-25)
2caec6dc-9f1b-4650-a7ce-4e61802e0f7f,15,1,361.05,1,840.38,PWPX0982761091115,Garmin Forerunner,Electronics,Electronics,840.38,1,1,Premium ($300+)
616ec05b-bdeb-4ca2-854b-ed05ebc11fa0,6,1,390.23,1,9.29,PWPX0982761091087,Pumpkin Puree,Supermarket,Supermarket,9.29,1,1,Very Low ($0-10)
0354de18-d607-44f9-b22b-4733a7a48bf9,8,1,110.84,1,19.8,PWPX0982761091062,Bread Crumbs,Supermarket,Supermarket,19.8,1,1,Low ($10-25)
3121755e-adea-4647-aa5a-f82a49fd09bd,4,1,53.38,1,16.42,PWPX0982761091061,Cheese Sticks,Supermarket,Supermarket,16.42,1,1,Low ($10-25)
c857cc87-8b11-471d-8e66-24da1d3eaa6c,14,1,281.0,1,8.11,PWPX0982761090995,Cinnamon Toast Crunch,Supermarket,Supermarket,8.11,1,1,Very Low ($0-10)
936b43c8-9c76-4603-88a2-d9d48fae32ee,14,1,142.97,1,19.58,PWPX0982761090996,Oat Milk,Supermarket,Supermarket,19.58,1,1,Low ($10-25)
5a809ade-132a-4bb3-a186-5f2e5b478f51,17,1,39.39,1,185.97,PWPX0982761091107,Apple iPad Air,Electronics,Electronics,185.97,1,1,Very High ($100-300)
98beef06-58e1-4104-a03c-fa8c08e8b3a7,2,2,148.79,1,27.47,PWPX0982761091024,Chocolate Chip Cookies,Supermarket,Supermarket,10.78,1,1,Low ($10-25)
0b3d2bf4-3f98-4760-9200-52df6a071575,18,1,401.13,1,7.3,PWPX0982761091011,Avocado,Supermarket,Supermarket,7.3,1,1,Very Low ($0-10)
18483d11-4c32-4a2f-8111-e66662d7258f,3,1,483.57,1,270.42,PWPX0982761091116,DJI Mini Drone,Electronics,Electronics,270.42,1,1,Very High ($100-300)
20b8d516-1202-408e-b927-2ec4ec5c80e0,2,1,70.43,1,15.89,PWPX0982761091051,Frozen Berries,Supermarket,Supermarket,15.89,1,1,Low ($10-25)
d6da05d1-aa95-4112-a1f1-e5ccbb720395,5,1,52.34,1,9.29,PWPX0982761091087,Pumpkin Puree,Supermarket,Supermarket,9.29,1,1,Very Low ($0-10)
34288d4a-9254-4067-a92d-5f6b2dc34a21,6,1,221.69,1,7.29,PWPX0982761091030,Ice Cream,Supermarket,Supermarket,7.29,1,1,Very Low ($0-10)
18295c7c-33e3-460d-b36a-6b8c6d4450c8,7,1,131.14,1,225.68,PWPX0982761091098,Logitech Mouse,Electronics,Electronics,225.68,1,1,Very High ($100-300)
074a77f9-bf9b-4f0a-8249-bb582b7d8add,1,1,445.95,1,738.81,PWPX0982761091110,Kindle Paperwhite,Electronics,Electronics,738.81,1,1,Premium ($300+)
4da74937-baea-4b61-81d9-fac5aca72936,6,1,487.55,1,19.32,PWPX0982761090994,Peanut Butter,Supermarket,Supermarket,19.32,1,1,Low ($10-25)
58e40fbe-c7a8-41fb-8849-335401fe3055,1,1,486.59,1,10.16,PWPX0982761091050,Rice Pudding,Supermarket,Supermarket,10.16,1,1,Low ($10-25)
07210271-46e0-4f04-8ee9-7fbe1bcf6fbb,1,1,1166.12,1,880.38,PWPX0982761091102,Sony PlayStation 5,Electronics,Electronics,880.38,1,1,Premium ($300+)
750fb4c9-bbab-4695-8c25-37fa3e59e1fe,15,1,439.22,1,8.48,PWPX0982761091054,Turkey Burgers,Supermarket,Supermarket,8.48,1,1,Very Low ($0-10)
544bcf4c-c2a5-47a7-8989-cadf8e04555f,16,1,100.96,1,18.81,PWPX0982761091064,Red Onions,Supermarket,Supermarket,18.81,1,1,Low ($10-25)
cb1d878b-2e6c-4f93-bd5e-8348c2529011,3,1,108.41,1,13.28,PWPX0982761090993,Ground Coffee,Supermarket,Supermarket,13.28,1,1,Low ($10-25)
0d181ac9-3ccf-4d04-aeda-92fe3e9fc994,15,1,318.93,1,16.3,PWPX0982761091040,Hot Dog Buns,Supermarket,Supermarket,16.3,1,1,Low ($10-25)
f0059d4e-e1ce-4610-80fd-d89f1e7f2a0f,18,2,498.89,1,57.96,PWPX0982761090994,Peanut Butter,Supermarket,Supermarket,19.32,1,1,Low ($10-25)
671be73d-ca92-4434-8b28-faae7111b126,12,1,300.97,1,6.09,PWPX0982761091032,Olive Oil,Supermarket,Supermarket,6.09,1,1,Very Low ($0-10)
70c125fc-4c39-4ad7-953c-684bfc598b02,13,1,352.83,1,7.75,PWPX0982761091090,Macaroni,Supermarket,Supermarket,7.75,1,1,Very Low ($0-10)
1d9e25a5-133e-4393-8ea4-3b0573dce9a6,12,1,220.85,1,3.48,PWPX0982761091048,Flour,Supermarket,Supermarket,3.48,1,1,Very Low ($0-10)
d0a0dc76-46f2-4717-b795-a918f4108bc8,17,1,867.83,1,6.94,PWPX0982761091038,Beef Patties,Supermarket,Supermarket,6.94,1,1,Very Low ($0-10)
7b9e639c-72ab-4d52-aa28-ecfc453131dc,10,1,315.99,1,9.29,PWPX0982761091087,Pumpkin Puree,Supermarket,Supermarket,9.29,1,1,Very Low ($0-10)
d69d624e-6914-4286-b037-083377c76c6c,19,1,250.36,1,11.83,PWPX0982761091055,Salsa,Supermarket,Supermarket,11.83,1,1,Low ($10-25)
3cd072a6-5276-4504-8f3d-d950a4f21bb7,12,1,337.56,1,16.2,PWPX0982761091021,Pasta,Supermarket,Supermarket,16.2,1,1,Low ($10-25)
c21c63ff-5922-4a08-aa93-aeee2910f244,3,1,354.24,1,6.56,PWPX0982761091013,Rice Cakes,Supermarket,Supermarket,6.56,1,1,Very Low ($0-10)
c8008f2f-0496-4c57-94af-5337314e21d7,4,1,311.38,1,15.69,PWPX0982761091076,Chicken Thighs,Supermarket,Supermarket,15.69,1,1,Low ($10-25)
43a77191-33c5-4fcf-a96d-1972b3674f80,17,1,466.63,1,185.97,PWPX0982761091107,Apple iPad Air,Electronics,Electronics,185.97,1,1,Very High ($100-300)
bfbd6504-19ff-4b7b-81f6-dc367369129d,3,1,517.14,1,6.1,PWPX0982761091046,Orange Juice,Supermarket,Supermarket,6.1,1,1,Very Low ($0-10)
91af7124-080c-4241-98de-b9dff6adbd3a,15,1,1184.33,1,9.3,PWPX0982761091026,Potato Chips,Supermarket,Supermarket,9.3,1,1,Very Low ($0-10)
7b94e1d6-2743-4bac-b0fe-e5178c0381f2,17,1,332.59,1,6.13,PWPX0982761091072,Cereal Bars,Supermarket,Supermarket,6.13,1,1,Very Low ($0-10)
0227e55c-e7d5-46da-854e-65ad9d4f4af5,9,2,80.46,1,494.11,PWPX0982761091103,Amazon Echo Dot,Electronics,Electronics,477.29,1,1,Premium ($300+)
5f4750cd-9e81-4971-9c5f-7bc2ec9521f5,16,1,438.27,1,13.74,PWPX0982761091080,Spices Assortment,Supermarket,Supermarket,13.74,1,1,Low ($10-25)
611f2779-98bc-48af-b469-a6ee5d19cca3,3,1,266.91,1,3.85,PWPX0982761091018,Butter,Supermarket,Supermarket,3.85,1,1,Very Low ($0-10)
ba686afc-0f1e-4d51-b42e-935b878eb1de,12,1,230.44,1,8.54,PWPX0982761091036,Frozen Vegetables,Supermarket,Supermarket,8.54,1,1,Very Low ($0-10)
0ec7e5d5-6f38-4987-bad8-a50c418183a2,12,1,1091.64,1,16.28,PWPX0982761091022,Shredded Cheese,Supermarket,Supermarket,16.28,1,1,Low ($10-25)
5ebace33-9c67-47c6-a692-8fb051865908,12,1,65.36,1,19.32,PWPX0982761090994,Peanut Butter,Supermarket,Supermarket,19.32,1,1,Low ($10-25)
1d68e573-da3d-457a-a3c7-9cb97c2b0a6a,12,1,278.3,1,19.58,PWPX0982761090996,Oat Milk,Supermarket,Supermarket,19.58,1,1,Low ($10-25)
0731f726-63bb-431d-84d9-8a18100a32ca,11,1,189.89,1,8.48,PWPX0982761091054,Turkey Burgers,Supermarket,Supermarket,8.48,1,1,Very Low ($0-10)
287e4d18-622b-4501-a7e4-d9200222f523,14,1,179.95,1,19.32,PWPX0982761090994,Peanut Butter,Supermarket,Supermarket,19.32,1,1,Low ($10-25)
313f7577-1872-414c-9151-70878dfbd782,13,1,99.43,1,13.13,PWPX0982761091088,Frozen Edamame,Supermarket,Supermarket,13.13,1,1,Low ($10-25)
11904359-8659-415a-bbd1-db83b94e9379,17,1,172.72,1,632.85,PWPX0982761091122,Roku Ultra Streaming Device,Electronics,Electronics,632.85,1,1,Premium ($300+)
e455d8ac-b7d2-400b-8831-cd65abd79709,4,1,1066.65,1,11.53,PWPX0982761091067,Garlic Bread,Supermarket,Supermarket,11.53,1,1,Low ($10-25)
a260b87f-c151-4404-8ef3-b24331228878,9,1,333.51,1,632.85,PWPX0982761091122,Roku Ultra Streaming Device,Electronics,Electronics,632.85,1,1,Premium ($300+)
756a4634-d6f4-4624-bb27-ddb3707c1d29,6,1,373.69,1,19.99,PWPX0982761091035,Ranch Dressing,Supermarket,Supermarket,19.99,1,1,Low ($10-25)
25dafa8b-b8a6-4dc2-a305-a3dd3338a8d1,5,1,1171.17,1,310.88,PWPX0982761091118,Fitbit Charge 5,Electronics,Electronics,310.88,1,1,Premium ($300+)
29b039af-bfba-4ba6-be91-f292adf40d4b,19,1,216.25,1,9.89,PWPX0982761091056,Salted Butter,Supermarket,Supermarket,9.89,1,1,Very Low ($0-10)
0f54086e-7189-4963-b6a2-33e510a2f278,7,1,378.95,1,16.67,PWPX0982761091052,Baby Spinach,Supermarket,Supermarket,16.67,1,1,Low ($10-25)
66066cc6-af6d-4cf2-bcd3-33571bd855dd,19,1,52.97,1,16.3,PWPX0982761091040,Hot Dog Buns,Supermarket,Supermarket,16.3,1,1,Low ($10-25)
358db185-62d4-4dd5-989d-223f5103a348,3,1,390.54,1,15.28,PWPX0982761091092,Basil Pesto,Supermarket,Supermarket,15.28,1,1,Low ($10-25)
749bb33a-f652-4cd4-9e98-94c67c7e56df,13,1,483.93,1,246.7,PWPX0982761091114,Sony WH-1000XM4 Headphones,Electronics,Electronics,246.7,1,1,Very High ($100-300)
0693c696-1c3e-400b-ad96-a7ec343c9ae9,9,2,470.77,1,24.54,PWPX0982761090993,Ground Coffee,Supermarket,Supermarket,13.28,1,1,Low ($10-25)
503d7161-0fd1-4bd5-b036-d9009ad801e2,11,1,344.16,1,10.1,PWPX0982761090990,Frozen Peas,Supermarket,Supermarket,10.1,1,1,Low ($10-25)
187956da-5f24-4fab-bbbb-7d30025f9b6b,6,1,707.69,1,19.58,PWPX0982761090996,Oat Milk,Supermarket,Supermarket,19.58,1,1,Low ($10-25)
db31c587-c0d1-438f-927c-7ff456ceb7b3,11,1,322.9,1,11.13,PWPX0982761091057,String Cheese,Supermarket,Supermarket,11.13,1,1,Low ($10-25)
656586a2-fd7b-4db8-864c-d89513a3f5ea,14,1,132.14,1,7.82,PWPX0982761090989,Tomato Soup,Supermarket,Supermarket,7.82,1,1,Very Low ($0-10)
1aca41a2-5fb9-4898-b39f-01cf1dd10f35,3,1,115.88,1,710.27,PWPX0982761091117,Samsung QLED TV,Electronics,Electronics,710.27,1,1,Premium ($300+)
9b8e7486-880c-4423-b8f3-10c32ba34f2f,11,1,206.79,1,13.13,PWPX0982761091088,Frozen Edamame,Supermarket,Supermarket,13.13,1,1,Low ($10-25)
4356c900-f1a7-40b4-ba53-b01f0dad2623,12,1,284.1,1,8.68,PWPX0982761091019,Maple Syrup,Supermarket,Supermarket,8.68,1,1,Very Low ($0-10)
2e9457e9-41b6-448e-9d99-d069a84648ac,12,1,75.09,1,334.68,PWPX0982761091121,Asus ROG Gaming Laptop,Electronics,Electronics,334.68,1,1,Premium ($300+)
5833dc19-bb45-47ce-a8b6-c4f984161418,5,1,59.46,1,18.35,PWPX0982761091028,Spaghetti,Supermarket,Supermarket,18.35,1,1,Low ($10-25)
e751c7d8-d27a-47c4-8816-54df50e07b84,16,1,217.8,1,5.93,PWPX0982761090997,Chicken Breast,Supermarket,Supermarket,5.93,1,1,Very Low ($0-10)
89b56c82-196b-410c-9734-1e86464831fe,13,1,244.6,1,647.73,PWPX0982761091106,NVIDIA GeForce RTX 3060,Electronics,Electronics,647.73,1,1,Premium ($300+)
d99a5a9f-02ed-4639-af75-5f3404bd0feb,4,1,473.75,1,5.93,PWPX0982761090997,Chicken Breast,Supermarket,Supermarket,5.93,1,1,Very Low ($0-10)
d7f690a0-c1c2-4b36-b05f-2b7e641ea1ac,12,3,314.43,1,29.849999999999998,PWPX0982761090984,Whole Milk,Supermarket,Supermarket,9.95,1,1,Very Low ($0-10)
a5087841-a44a-4ba8-95a7-c50de7a7d22e,15,1,132.83,1,18.35,PWPX0982761091028,Spaghetti,Supermarket,Supermarket,18.35,1,1,Low ($10-25)
fc1a9a63-238c-4781-8324-a4b81eb2cac9,1,2,181.2,1,790.88,PWPX0982761091099,Samsung Galaxy S21,Electronics,Electronics,783.07,1,1,Premium ($300+)
0d1d5b95-2248-41ff-9486-c49dc972d44d,14,1,65.89,1,15.49,PWPX0982761091044,Protein Bars,Supermarket,Supermarket,15.49,1,1,Low ($10-25)
d757ed20-056d-4d95-9f33-cb8c6137344e,9,1,43.89,1,16.69,PWPX0982761091045,Whole Wheat Tortillas,Supermarket,Supermarket,16.69,1,1,Low ($10-25)
eb8e7b71-68f1-477f-b24a-e85b60accf93,7,1,447.53,1,9.95,PWPX0982761090984,Whole Milk,Supermarket,Supermarket,9.95,1,1,Very Low ($0-10)
7912db94-4efd-4ddf-bfdb-d39b94940b73,17,1,177.59,1,11.08,PWPX0982761091020,Frozen Waffles,Supermarket,Supermarket,11.08,1,1,Low ($10-25)
4d12bbc4-b3c4-4c88-9f91-b8dcf633cfe5,5,2,630.52,1,23.869999999999997,PWPX0982761091059,Organic Baby Carrots,Supermarket,Supermarket,5.92,1,1,Very Low ($0-10)
997cc894-d6af-4d45-bdd9-6aa84ee0c2ff,9,2,270.04,1,25.54,PWPX0982761091090,Macaroni,Supermarket,Supermarket,7.75,1,1,Very Low ($0-10)
ffad2af3-5148-4b38-a014-d0aeab5aad16,5,2,306.42,1,601.21,PWPX0982761091101,Bose QuietComfort Earbuds,Electronics,Electronics,585.52,1,1,Premium ($300+)
59689202-cb0b-4ed8-a1e2-a3e690c2de75,11,1,452.47,1,9.97,PWPX0982761091031,Corn Tortillas,Supermarket,Supermarket,9.97,1,1,Very Low ($0-10)
b85afea2-f095-4daf-92d4-ed77d3a666af,1,1,410.4,1,225.68,PWPX0982761091098,Logitech Mouse,Electronics,Electronics,225.68,1,1,Very High ($100-300)
208447f7-6bf4-4fcf-a117-7090953f26a3,2,1,130.7,1,12.53,PWPX0982761091029,Garlic,Supermarket,Supermarket,12.53,1,1,Low ($10-25)
1507251c-bc01-48ea-afb0-114fdc05f830,19,1,382.19,1,12.01,PWPX0982761091037,Almond Butter,Supermarket,Supermarket,12.01,1,1,Low ($10-25)
c581d40e-7b40-4f72-be3d-bf8d88114fa3,12,1,234.82,1,9.3,PWPX0982761091026,Potato Chips,Supermarket,Supermarket,9.3,1,1,Very Low ($0-10)
8c6c1611-5176-4562-a6dc-d8f72b38ac7f,18,1,366.14,1,17.95,PWPX0982761091082,Baking Powder,Supermarket,Supermarket,17.95,1,1,Low ($10-25)
449f1aff-426e-4501-8de1-33567c074eaf,5,1,154.48,1,18.6,PWPX0982761090992,Canned Tuna,Supermarket,Supermarket,18.6,1,1,Low ($10-25)
beff25f0-6455-40e2-97de-6b6596fb2e4b,11,1,486.46,1,10.1,PWPX0982761090990,Frozen Peas,Supermarket,Supermarket,10.1,1,1,Low ($10-25)
8fea0e37-d4b3-482d-bfd8-6363dc392206,19,2,363.89,1,32.18,PWPX0982761091086,Frozen Mozzarella,Supermarket,Supermarket,17.09,1,1,Low ($10-25)
cde8b2df-de90-498f-8697-1f22b98559ec,14,1,398.42,1,12.01,PWPX0982761091037,Almond Butter,Supermarket,Supermarket,12.01,1,1,Low ($10-25)
44f7f24f-e437-4337-bc74-6239d2c82878,1,1,408.5,1,4.38,PWPX0982761090998,Broccoli,Supermarket,Supermarket,4.38,1,1,Very Low ($0-10)
9a6835aa-d34a-41ff-bb87-48a881fb667b,3,1,48.37,1,4.67,PWPX0982761090983,Uncured Bacon,Supermarket,Supermarket,4.67,1,1,Very Low ($0-10)
96c34065-47f0-4266-8a01-f57794fc0cf4,4,1,423.87,1,9.87,PWPX0982761091047,Pickles,Supermarket,Supermarket,9.87,1,1,Very Low ($0-10)
48ab2662-50ba-463e-8a2a-682898d84fec,17,1,233.05,1,16.42,PWPX0982761091061,Cheese Sticks,Supermarket,Supermarket,16.42,1,1,Low ($10-25)
b45a1668-f27d-4d00-b8d2-f29904e4bb98,8,1,454.03,1,11.69,PWPX0982761091066,Frozen French Fries,Supermarket,Supermarket,11.69,1,1,Low ($10-25)
82111392-4ccf-43a7-9241-2016325323de,3,1,363.54,1,725.5,PWPX0982761091125,Nintendo Switch,Electronics,Electronics,725.5,1,1,Premium ($300+)
1480f480-d3a8-4745-9522-6e28568b7488,14,2,140.43,1,17.63,PWPX0982761091046,Orange Juice,Supermarket,Supermarket,6.1,1,1,Very Low ($0-10)
d5f815e2-88b4-4ea0-8f14-89a6e9cdae19,5,1,458.27,1,19.58,PWPX0982761090996,Oat Milk,Supermarket,Supermarket,19.58,1,1,Low ($10-25)
3df0f8cb-4dc5-4966-ab90-03c3808456d5,2,1,266.59,1,16.42,PWPX0982761091061,Cheese Sticks,Supermarket,Supermarket,16.42,1,1,Low ($10-25)
8c15c09e-4465-4e14-b00a-1e78b2430e72,15,1,71.03,1,13.22,PWPX0982761091003,Sliced Turkey,Supermarket,Supermarket,13.22,1,1,Low ($10-25)
3077925f-6a4d-4026-9360-483d20ce3c7c,12,1,123.11,1,840.38,PWPX0982761091115,Garmin Forerunner,Electronics,Electronics,840.38,1,1,Premium ($300+)
eeb44620-370c-499d-9c65-c04312b3fe62,10,1,145.08,1,13.31,PWPX0982761091095,Croutons,Supermarket,Supermarket,13.31,1,1,Low ($10-25)
4827d457-999a-42c5-a029-4b66bb7a3c2f,10,1,1103.69,1,750.72,PWPX0982761091113,Google Chromecast,Electronics,Electronics,750.72,1,1,Premium ($300+)
4eb69729-d0f2-47ed-b911-3607d1934af5,10,1,474.34,1,16.82,PWPX0982761091079,Canned Chickpeas,Supermarket,Supermarket,16.82,1,1,Low ($10-25)
50c546e8-5cdc-4104-bac4-49e2f9efa5b9,17,1,274.44,1,16.42,PWPX0982761091061,Cheese Sticks,Supermarket,Supermarket,16.42,1,1,Low ($10-25)
48cd0052-855c-42e4-b790-d82c2302db83,13,1,182.54,1,10.44,PWPX0982761091084,Pancetta,Supermarket,Supermarket,10.44,1,1,Low ($10-25)
431c14e1-2336-46b1-8343-13c9b58d8e5c,4,1,398.4,1,196.72,PWPX0982761091108,Dell XPS 13,Electronics,Electronics,196.72,1,1,Very High ($100-300)
a3799c4e-fac4-4cf9-b872-024f276d2fb8,1,1,314.91,1,12.01,PWPX0982761091037,Almond Butter,Supermarket,Supermarket,12.01,1,1,Low ($10-25)
4e899cce-1510-4350-b098-422eff8e87b7,12,1,60.2,1,585.52,PWPX0982761091101,Bose QuietComfort Earbuds,Electronics,Electronics,585.52,1,1,Premium ($300+)
0ede35a5-0461-42af-ad06-924578b2bd34,15,3,466.85,1,23.46,PWPX0982761090989,Tomato Soup,Supermarket,Supermarket,7.82,1,1,Very Low ($0-10)
07e949a2-4917-4ba2-a648-90510bbbab2f,12,1,476.77,1,10.96,PWPX0982761091094,Frozen Ravioli,Supermarket,Supermarket,10.96,1,1,Low ($10-25)
7f4d8b8f-a8d1-4b52-8deb-a01008d98640,19,1,138.12,1,880.38,PWPX0982761091102,Sony PlayStation 5,Electronics,Electronics,880.38,1,1,Premium ($300+)
b129f1fd-0d84-412b-b987-13da41df14f6,9,1,52.21,1,6.48,PWPX0982761091093,Chocolate Milk,Supermarket,Supermarket,6.48,1,1,Very Low ($0-10)
c91d23a7-840b-4f65-b6cf-f0296e11c322,7,1,487.81,1,7.92,PWPX0982761091012,Hummus,Supermarket,Supermarket,7.92,1,1,Very Low ($0-10)
0c8aee22-33ce-4c52-b151-3eeed0cb0047,15,2,76.38,1,24.87,PWPX0982761091057,String Cheese,Supermarket,Supermarket,11.13,1,1,Low ($10-25)
2d767bb1-653c-4b17-8574-52e44bbbacd5,12,1,484.58,1,12.71,PWPX0982761091010,Italian Sausage,Supermarket,Supermarket,12.71,1,1,Low ($10-25)
e2bfc6c4-7f11-49af-916e-7fbbabeab075,7,1,385.66,1,310.88,PWPX0982761091118,Fitbit Charge 5,Electronics,Electronics,310.88,1,1,Premium ($300+)
63d5d66e-0ea1-4fe0-b7cd-b137d6b8b438,3,1,481.81,1,3.85,PWPX0982761091018,Butter,Supermarket,Supermarket,3.85,1,1,Very Low ($0-10)
9b3af727-c9b3-4137-b082-8efa96d2c9e8,11,1,385.85,1,6.48,PWPX0982761091093,Chocolate Milk,Supermarket,Supermarket,6.48,1,1,Very Low ($0-10)
3cf4a27b-92a2-4da6-86ec-9cd35aee56e2,13,1,35.06,1,18.01,PWPX0982761090988,Greek Yogurt,Supermarket,Supermarket,18.01,1,1,Low ($10-25)
70c3b571-3188-4095-b62f-f8418061e4b3,3,1,104.58,1,270.42,PWPX0982761091116,DJI Mini Drone,Electronics,Electronics,270.42,1,1,Very High ($100-300)
67d9f9d0-5611-4386-b56b-50b3ce9262ca,16,1,479.31,1,6.56,PWPX0982761091013,Rice Cakes,Supermarket,Supermarket,6.56,1,1,Very Low ($0-10)
aa8dc491-f909-47ba-99bf-0fa6723a173d,19,1,102.4,1,908.87,PWPX0982761091109,GoPro Hero 9,Electronics,Electronics,908.87,1,1,Premium ($300+)
84486b9c-523b-4c9e-b17f-b0c22e2f78ab,17,1,341.25,1,9.97,PWPX0982761091031,Corn Tortillas,Supermarket,Supermarket,9.97,1,1,Very Low ($0-10)
68248f5b-2838-426d-951e-867a260fb0f3,10,1,245.29,1,16.69,PWPX0982761091045,Whole Wheat Tortillas,Supermarket,Supermarket,16.69,1,1,Low ($10-25)
c07bbd53-89a3-4c01-9b9d-729d30553e52,9,1,452.38,1,8.23,PWPX0982761091002,Granola Bars,Supermarket,Supermarket,8.23,1,1,Very Low ($0-10)
caf22b4b-c4ee-4901-846d-87864498c3ff,11,1,27.83,1,18.45,PWPX0982761091007,Apples,Supermarket,Supermarket,18.45,1,1,Low ($10-25)
86836e54-186b-4b79-b60e-33fa638ab2bc,13,1,471.67,1,10.1,PWPX0982761090990,Frozen Peas,Supermarket,Supermarket,10.1,1,1,Low ($10-25)
69dc1d98-895d-440b-9859-a25c85f32dce,10,2,232.75,1,19.17,PWPX0982761091026,Potato Chips,Supermarket,Supermarket,9.3,1,1,Very Low ($0-10)
a3619810-cab6-4025-8f40-b9ae3c23c88b,7,1,406.74,1,8.68,PWPX0982761091019,Maple Syrup,Supermarket,Supermarket,8.68,1,1,Very Low ($0-10)
bba5cfa7-6acc-4405-9903-c4b08c799af2,3,1,378.43,1,11.26,PWPX0982761091073,Apple Sauce,Supermarket,Supermarket,11.26,1,1,Low ($10-25)
ac842414-c444-419c-bce9-5d307c0e27fe,8,1,475.06,1,11.26,PWPX0982761091068,Frozen Broccoli,Supermarket,Supermarket,11.26,1,1,Low ($10-25)
424264f6-005b-487a-8cae-594fcae29a97,11,1,37.43,1,6.13,PWPX0982761091072,Cereal Bars,Supermarket,Supermarket,6.13,1,1,Very Low ($0-10)
660a4d65-1f90-498b-9e22-dfcf26fa6440,13,1,165.18,1,15.09,PWPX0982761091001,Frozen Pizza,Supermarket,Supermarket,15.09,1,1,Low ($10-25)
17587d03-0a6d-4e0b-ad8b-ae0b40fb50a8,19,1,261.91,1,13.22,PWPX0982761091003,Sliced Turkey,Supermarket,Supermarket,13.22,1,1,Low ($10-25)
4b046f63-3960-46f5-8fc1-9bc56ec0cebc,16,1,54.11,1,187.4,PWPX0982761091126,Panasonic Lumix Camera,Electronics,Electronics,187.4,1,1,Very High ($100-300)
cbade630-ca3b-4060-9eb4-1defeb5d9ccf,1,1,503.84,1,17.78,PWPX0982761091033,Pancake Mix,Supermarket,Supermarket,17.78,1,1,Low ($10-25)
22f3d0e7-bcf5-4a08-ada5-cc339041597d,14,1,327.45,1,17.28,PWPX0982761091000,Bagged Spinach,Supermarket,Supermarket,17.28,1,1,Low ($10-25)
1564327c-7e23-41f8-95cc-3d3311564f9d,2,1,305.47,1,18.81,PWPX0982761091064,Red Onions,Supermarket,Supermarket,18.81,1,1,Low ($10-25)
d3be746f-f966-4045-967a-edd9f3991b82,17,1,273.39,1,6.48,PWPX0982761091093,Chocolate Milk,Supermarket,Supermarket,6.48,1,1,Very Low ($0-10)
7aed76aa-57d3-4e37-9690-4d2675751166,4,1,568.86,1,16.3,PWPX0982761091040,Hot Dog Buns,Supermarket,Supermarket,16.3,1,1,Low ($10-25)
542d6e94-62af-4f53-a7d7-39245463507b,13,2,1198.85,1,20.0,PWPX0982761091010,Italian Sausage,Supermarket,Supermarket,12.71,1,1,Low ($10-25)
82f019ee-54ae-4a10-87a4-0be389b5dd6d,18,1,393.65,1,12.44,PWPX0982761091096,Cooking Spray,Supermarket,Supermarket,12.44,1,1,Low ($10-25)
981feeeb-cb96-4825-bd39-e8cb729b128a,19,1,351.96,1,528.96,PWPX0982761091124,Nest Thermostat,Electronics,Electronics,528.96,1,1,Premium ($300+)
db483546-f59b-4146-8368-2ac58b9bfe13,17,1,138.36,1,3.48,PWPX0982761091048,Flour,Supermarket,Supermarket,3.48,1,1,Very Low ($0-10)
5a759324-35af-4dff-ac20-b5717c146bf4,9,1,747.37,1,9.87,PWPX0982761091047,Pickles,Supermarket,Supermarket,9.87,1,1,Very Low ($0-10)
ec51490a-e41a-48aa-bc2b-7a21c81b9e55,10,1,126.18,1,19.32,PWPX0982761090994,Peanut Butter,Supermarket,Supermarket,19.32,1,1,Low ($10-25)
a8cce1ba-bd04-4af3-8bb2-c0f4490efcce,15,1,117.23,1,13.83,PWPX0982761091042,Shredded Carrots,Supermarket,Supermarket,13.83,1,1,Low ($10-25)
ecf5b943-0a85-4b95-acb8-ddad1138c0ee,12,1,422.66,1,15.09,PWPX0982761091001,Frozen Pizza,Supermarket,Supermarket,15.09,1,1,Low ($10-25)
080cc875-d832-423b-91f8-0c7277d5738f,4,2,164.19,1,16.29,PWPX0982761091050,Rice Pudding,Supermarket,Supermarket,10.16,1,1,Low ($10-25)
ea4fe994-3591-4713-a285-f28a16a5dbcc,11,2,188.23,1,29.04,PWPX0982761090992,Canned Tuna,Supermarket,Supermarket,18.6,1,1,Low ($10-25)
9ffba224-2089-4560-a0e5-f878b4af9843,13,1,1202.99,1,18.45,PWPX0982761091007,Apples,Supermarket,Supermarket,18.45,1,1,Low ($10-25)
b5858d77-9959-4a52-bee7-d7c4204f19fa,14,1,332.3,1,6.94,PWPX0982761091038,Beef Patties,Supermarket,Supermarket,6.94,1,1,Very Low ($0-10)
29e366d7-f70d-495f-a4d9-d89bddcf35cb,14,1,371.19,1,16.0,PWPX0982761091043,Mozzarella Sticks,Supermarket,Supermarket,16.0,1,1,Low ($10-25)
2dcdb4ab-5758-45d9-a55e-cd95e42fb584,11,1,48.65,1,13.27,PWPX0982761091069,Ground Beef,Supermarket,Supermarket,13.27,1,1,Low ($10-25)
bdda1fe7-163d-4fb3-86d2-3a1b99cd5ed2,11,1,242.03,1,10.1,PWPX0982761090990,Frozen Peas,Supermarket,Supermarket,10.1,1,1,Low ($10-25)
cc55f47d-598b-4cfb-83c0-61c89af6b1fe,3,1,377.3,1,17.28,PWPX0982761091000,Bagged Spinach,Supermarket,Supermarket,17.28,1,1,Low ($10-25)
0757d853-9277-4fe2-8ec2-4debd11d16d2,14,2,53.25,1,24.34,PWPX0982761091032,Olive Oil,Supermarket,Supermarket,6.09,1,1,Very Low ($0-10)
e65612bf-5cbd-4bc3-832d-8a0f91bfd26e,17,1,149.2,1,8.48,PWPX0982761091054,Turkey Burgers,Supermarket,Supermarket,8.48,1,1,Very Low ($0-10)
5812cdc2-2279-4abb-b698-c60364b68126,16,1,1104.42,1,7.75,PWPX0982761091090,Macaroni,Supermarket,Supermarket,7.75,1,1,Very Low ($0-10)
a96011d2-78e1-4e56-bab1-cb4a0d418505,16,1,350.69,1,10.16,PWPX0982761091050,Rice Pudding,Supermarket,Supermarket,10.16,1,1,Low ($10-25)
1dbca1d3-dc76-4c2a-8e36-62288d137d12,3,1,317.43,1,7.3,PWPX0982761091011,Avocado,Supermarket,Supermarket,7.3,1,1,Very Low ($0-10)
076c02ae-9f33-4765-b301-91a68ed884f6,16,1,186.77,1,5.93,PWPX0982761090997,Chicken Breast,Supermarket,Supermarket,5.93,1,1,Very Low ($0-10)
43af631c-0503-4194-92c2-f5c0b20def66,15,2,428.16,1,30.020000000000003,PWPX0982761091049,Baking Soda,Supermarket,Supermarket,19.55,1,1,Low ($10-25)
572bee3d-f7bc-4d05-9a67-dcd70372c20a,2,1,717.68,1,4.67,PWPX0982761090983,Uncured Bacon,Supermarket,Supermarket,4.67,1,1,Very Low ($0-10)
1cfce608-82f0-41ea-b45e-32b4103a8df3,9,1,243.24,1,15.28,PWPX0982761091092,Basil Pesto,Supermarket,Supermarket,15.28,1,1,Low ($10-25)
ec85752d-88e6-4283-b1eb-290af33553c1,5,2,351.11,1,14.42,PWPX0982761091014,Whole Wheat Bread,Supermarket,Supermarket,3.85,1,1,Very Low ($0-10)
9fbd7040-989b-449f-abea-a088c128bcc0,12,1,211.36,1,750.72,PWPX0982761091113,Google Chromecast,Electronics,Electronics,750.72,1,1,Premium ($300+)
fd86cbde-ee0a-4d7f-a884-c9d423c22090,13,1,1111.32,1,8.21,PWPX0982761091083,Chia Seeds,Supermarket,Supermarket,8.21,1,1,Very Low ($0-10)
718ec610-90c2-4909-a674-b375444c03fb,17,2,118.18,1,15.879999999999999,PWPX0982761091089,Pita Bread,Supermarket,Supermarket,10.08,1,1,Low ($10-25)
0c841502-031b-45b4-9e7b-93f858b17dc9,1,1,91.47,1,12.63,PWPX0982761091070,Tortilla Chips,Supermarket,Supermarket,12.63,1,1,Low ($10-25)
f14a8d32-53c8-4910-9e9b-7c4afe142384,1,1,154.26,1,15.89,PWPX0982761091051,Frozen Berries,Supermarket,Supermarket,15.89,1,1,Low ($10-25)
c784cfa8-aa75-4a62-bebe-86fa6d45c3f7,13,1,365.41,1,10.16,PWPX0982761091050,Rice Pudding,Supermarket,Supermarket,10.16,1,1,Low ($10-25)
913a5bea-02f8-43f5-87c5-9558fa3a9663,4,1,347.9,1,12.53,PWPX0982761091029,Garlic,Supermarket,Supermarket,12.53,1,1,Low ($10-25)
cf7650ac-76e3-48a9-af83-830b5299532d,19,1,97.2,1,6.09,PWPX0982761091032,Olive Oil,Supermarket,Supermarket,6.09,1,1,Very Low ($0-10)
ced86569-334a-454f-ab55-24d1a1d1c7cb,18,1,259.48,1,4.71,PWPX0982761091078,Frozen Shrimp,Supermarket,Supermarket,4.71,1,1,Very Low ($0-10)
47ac7f30-1a94-484b-9576-ba13fd171a33,9,1,30.47,1,13.28,PWPX0982761090993,Ground Coffee,Supermarket,Supermarket,13.28,1,1,Low ($10-25)
1e92129d-41f3-4409-a0f2-01222b191e30,11,1,195.32,1,17.28,PWPX0982761091000,Bagged Spinach,Supermarket,Supermarket,17.28,1,1,Low ($10-25)
c6bd6de2-3f3b-4306-9f8a-a3df2e628641,9,1,143.7,1,8.48,PWPX0982761091054,Turkey Burgers,Supermarket,Supermarket,8.48,1,1,Very Low ($0-10)
6bd04add-c743-41f5-b9df-3245be23c2cd,5,1,83.58,1,18.6,PWPX0982761090992,Canned Tuna,Supermarket,Supermarket,18.6,1,1,Low ($10-25)
f2c59a3b-46de-4ff5-811f-95d022fdf767,16,1,440.69,1,16.82,PWPX0982761091079,Canned Chickpeas,Supermarket,Supermarket,16.82,1,1,Low ($10-25)
05a456ee-8e45-4c63-bc58-887a8af66526,15,1,241.28,1,9.89,PWPX0982761091056,Salted Butter,Supermarket,Supermarket,9.89,1,1,Very Low ($0-10)
976f5868-4cf1-48e2-bd1b-4f95e05c3593,19,1,897.59,1,8.54,PWPX0982761091036,Frozen Vegetables,Supermarket,Supermarket,8.54,1,1,Very Low ($0-10)
c2bd3e8b-b450-4e1b-9d82-008264d20a05,15,1,461.61,1,4.67,PWPX0982761090983,Uncured Bacon,Supermarket,Supermarket,4.67,1,1,Very Low ($0-10)
1adaeb8c-d5dc-4194-9f8f-d884648849a6,18,2,893.38,1,24.419999999999998,PWPX0982761091015,Bell Peppers,Supermarket,Supermarket,4.43,1,1,Very Low ($0-10)
90b229ae-af3c-4414-bd5c-bd7cbd2752e7,17,1,237.76,1,17.21,PWPX0982761091017,Salmon Filets,Supermarket,Supermarket,17.21,1,1,Low ($10-25)
5a911c62-dc0a-4766-993e-488753175abe,15,1,342.72,1,12.01,PWPX0982761091037,Almond Butter,Supermarket,Supermarket,12.01,1,1,Low ($10-25)
86f40adf-1df4-4db8-a296-680236d85b18,7,1,1324.41,1,15.89,PWPX0982761091051,Frozen Berries,Supermarket,Supermarket,15.89,1,1,Low ($10-25)
cf448248-933a-4b5e-aba7-88a93a34b1d3,3,1,154.19,1,8.48,PWPX0982761091054,Turkey Burgers,Supermarket,Supermarket,8.48,1,1,Very Low ($0-10)
20698293-8399-4fda-af1e-b61a9ebb8a0a,16,3,418.46,1,14.01,PWPX0982761090983,Uncured Bacon,Supermarket,Supermarket,4.67,1,1,Very Low ($0-10)
f985c68e-857c-432a-a6e7-f5249974dc99,7,1,82.13,1,19.55,PWPX0982761091049,Baking Soda,Supermarket,Supermarket,19.55,1,1,Low ($10-25)
b74826ba-61f6-4e77-b50e-16c17e40a304,13,1,375.83,1,5.93,PWPX0982761090997,Chicken Breast,Supermarket,Supermarket,5.93,1,1,Very Low ($0-10)
10044d93-414b-4394-b146-9c184357aaa2,18,1,148.51,1,10.96,PWPX0982761091094,Frozen Ravioli,Supermarket,Supermarket,10.96,1,1,Low ($10-25)
4d351e64-4551-484a-bccc-1b85427053cd,6,2,392.01,1,22.759999999999998,PWPX0982761091016,Romaine Lettuce,Supermarket,Supermarket,14.22,1,1,Low ($10-25)
1d0d81fe-0607-4504-8cbe-ae467f629dde,11,1,104.89,1,690.88,PWPX0982761091097,Beats Studio Pro Headphone,Electronics,Electronics,690.88,1,1,Premium ($300+)
820d5297-01ef-40c8-ace2-e225306751a7,5,1,128.16,1,3.85,PWPX0982761091014,Whole Wheat Bread,Supermarket,Supermarket,3.85,1,1,Very Low ($0-10)
794e49bb-9656-40e7-9178-5379863d96c8,6,1,121.1,1,690.88,PWPX0982761091097,Beats Studio Pro Headphone,Electronics,Electronics,690.88,1,1,Premium ($300+)
13eadfe4-1e57-4abe-b7a0-97807c678374,12,1,493.86,1,19.77,PWPX0982761090986,Sourdough Bread,Supermarket,Supermarket,19.77,1,1,Low ($10-25)
dae5a728-fb2d-4f29-bb34-8b1818f46287,13,1,382.0,1,19.99,PWPX0982761091035,Ranch Dressing,Supermarket,Supermarket,19.99,1,1,Low ($10-25)
dae7a0a9-008f-471a-9932-9f34f6060c5e,4,1,257.71,1,15.49,PWPX0982761091044,Protein Bars,Supermarket,Supermarket,15.49,1,1,Low ($10-25)
211e9c23-773b-4d62-9f16-8514902fa1a6,19,1,462.23,1,5.8,PWPX0982761091004,Instant Noodles,Supermarket,Supermarket,5.8,1,1,Very Low ($0-10)
5f9e8960-7792-45e9-8852-d4d900864ab6,2,1,52.28,1,10.08,PWPX0982761091089,Pita Bread,Supermarket,Supermarket,10.08,1,1,Low ($10-25)
ec58efb2-fb01-49b2-ae82-4ff7f073e464,8,1,475.58,1,246.7,PWPX0982761091114,Sony WH-1000XM4 Headphones,Electronics,Electronics,246.7,1,1,Very High ($100-300)
16195ca2-121d-42e0-ba96-9e5589db8b90,19,1,323.44,1,750.72,PWPX0982761091113,Google Chromecast,Electronics,Electronics,750.72,1,1,Premium ($300+)
416cad9c-42ba-4e86-bfdf-dfb97e36d5b8,2,1,238.95,1,9.29,PWPX0982761091087,Pumpkin Puree,Supermarket,Supermarket,9.29,1,1,Very Low ($0-10)
c5be6c4f-7b0c-4749-9387-7b3dc8ccec82,13,1,418.93,1,17.79,PWPX0982761091005,Ketchup,Supermarket,Supermarket,17.79,1,1,Low ($10-25)
98784901-9b2d-406a-81a1-a9d144e673bf,11,1,313.18,1,9.89,PWPX0982761091056,Salted Butter,Supermarket,Supermarket,9.89,1,1,Very Low ($0-10)
97365da9-21d4-40d0-a54e-b1d0e6129815,16,1,420.6,1,10.16,PWPX0982761091050,Rice Pudding,Supermarket,Supermarket,10.16,1,1,Low ($10-25)
3702df3c-f490-4e90-bf6b-c3ad81a6f34e,3,1,88.23,1,585.52,PWPX0982761091101,Bose QuietComfort Earbuds,Electronics,Electronics,585.52,1,1,Premium ($300+)
c64d7e41-f99f-4ac2-aff2-50f6880e67f9,12,1,465.97,1,17.78,PWPX0982761091033,Pancake Mix,Supermarket,Supermarket,17.78,1,1,Low ($10-25)
49ab6fad-01e8-4bb4-b4c3-07909266e4b1,8,2,628.39,1,23.14,PWPX0982761091047,Pickles,Supermarket,Supermarket,9.87,1,1,Very Low ($0-10)
06b72cf5-4b2b-4ab4-a12d-836193fb83f0,4,1,964.11,1,4.67,PWPX0982761090983,Uncured Bacon,Supermarket,Supermarket,4.67,1,1,Very Low ($0-10)
dc3f0501-e1c3-4c2f-be91-8ec8c94d2e3d,1,1,173.47,1,9.89,PWPX0982761091056,Salted Butter,Supermarket,Supermarket,9.89,1,1,Very Low ($0-10)
b5bb8d0c-71e5-450a-b658-82d59c234713,6,1,249.96,1,16.3,PWPX0982761091040,Hot Dog Buns,Supermarket,Supermarket,16.3,1,1,Low ($10-25)
f364abef-d887-4dce-91a4-32b0e78c67eb,15,1,1354.71,1,5.8,PWPX0982761091004,Instant Noodles,Supermarket,Supermarket,5.8,1,1,Very Low ($0-10)
4e2ad1ff-e31e-4e71-849b-efbb10d96275,17,1,942.63,1,18.35,PWPX0982761091028,Spaghetti,Supermarket,Supermarket,18.35,1,1,Low ($10-25)
f36bef87-3d2d-4069-8cbd-f9ad61d6c7ec,1,1,92.59,1,334.68,PWPX0982761091121,Asus ROG Gaming Laptop,Electronics,Electronics,334.68,1,1,Premium ($300+)
b93bf15c-b4ab-4011-87fb-f13abe73d7b4,15,1,209.33,1,6.1,PWPX0982761091046,Orange Juice,Supermarket,Supermarket,6.1,1,1,Very Low ($0-10)
17d214af-f026-49bd-8f99-3b6747b4a065,17,1,179.47,1,307.07,PWPX0982761091123,JBL Flip Speaker,Electronics,Electronics,307.07,1,1,Premium ($300+)
c9123e99-8a32-4d29-a143-fd22cce1d188,16,2,326.79,1,17.52,PWPX0982761091087,Pumpkin Puree,Supermarket,Supermarket,9.29,1,1,Very Low ($0-10)
9e1f2717-b2cc-4d6e-80c8-b78d4fd3589a,3,1,387.88,1,2.65,PWPX0982761091023,Whipped Cream,Supermarket,Supermarket,2.65,1,1,Very Low ($0-10)
27f08450-9337-4cf0-a13f-baa4974427dc,17,1,51.42,1,7.75,PWPX0982761091090,Macaroni,Supermarket,Supermarket,7.75,1,1,Very Low ($0-10)
de999140-dc46-4f23-8b6f-cee65133c02e,8,1,499.76,1,16.67,PWPX0982761091052,Baby Spinach,Supermarket,Supermarket,16.67,1,1,Low ($10-25)
a960721e-972a-4cf4-8749-960f588247df,8,1,327.89,1,19.77,PWPX0982761090986,Sourdough Bread,Supermarket,Supermarket,19.77,1,1,Low ($10-25)
e7f252c6-d10a-4101-b147-b8921737af07,12,1,312.62,1,497.46,PWPX0982761091105,Microsoft Surface Pro,Electronics,Electronics,497.46,1,1,Premium ($300+)
ad3d1715-f112-4e93-889e-63673ebff90d,6,1,158.82,1,307.07,PWPX0982761091123,JBL Flip Speaker,Electronics,Electronics,307.07,1,1,Premium ($300+)
97224648-385b-447f-8676-ca21bf20ad0d,7,1,302.16,1,11.53,PWPX0982761091067,Garlic Bread,Supermarket,Supermarket,11.53,1,1,Low ($10-25)
a8d694b0-1d24-4331-92e2-512ab42b10cd,10,1,88.66,1,17.21,PWPX0982761091017,Salmon Filets,Supermarket,Supermarket,17.21,1,1,Low ($10-25)
ced7afe1-b366-4b47-8ec3-a204b4e83b82,4,1,346.22,1,17.95,PWPX0982761091082,Baking Powder,Supermarket,Supermarket,17.95,1,1,Low ($10-25)
d0e335ac-e720-4222-a3d8-ca0c3bd9e92f,2,1,136.0,1,14.41,PWPX0982761091075,Potato Wedges,Supermarket,Supermarket,14.41,1,1,Low ($10-25)
2a113f8b-395a-4337-b622-27338aeb73bb,1,1,359.24,1,2.16,PWPX0982761091081,Vegetable Stock,Supermarket,Supermarket,2.16,1,1,Very Low ($0-10)
c1ed403b-da93-47e8-8943-256679232c1e,14,1,327.65,1,246.7,PWPX0982761091114,Sony WH-1000XM4 Headphones,Electronics,Electronics,246.7,1,1,Very High ($100-300)
69c35576-3dff-497c-9303-8a3277bb13eb,1,1,149.73,1,10.96,PWPX0982761091094,Frozen Ravioli,Supermarket,Supermarket,10.96,1,1,Low ($10-25)
e1e63a75-4898-44e0-bae3-b7949755b6ae,18,1,284.69,1,8.48,PWPX0982761091054,Turkey Burgers,Supermarket,Supermarket,8.48,1,1,Very Low ($0-10)
25416901-33bd-477d-b036-44348c15adf4,8,1,167.96,1,10.78,PWPX0982761091024,Chocolate Chip Cookies,Supermarket,Supermarket,10.78,1,1,Low ($10-25)
66b6ad19-283a-4fcc-8476-29edf1e1d8e0,3,1,94.97,1,16.2,PWPX0982761091021,Pasta,Supermarket,Supermarket,16.2,1,1,Low ($10-25)
84380c43-51c9-41ca-9eec-37b03ee2e0b1,5,1,603.04,1,12.71,PWPX0982761091010,Italian Sausage,Supermarket,Supermarket,12.71,1,1,Low ($10-25)
9c79fa3a-e232-4420-b608-ca1bfb73c4ae,19,1,224.89,1,482.13,PWPX0982761091111,HP Envy Printer,Electronics,Electronics,482.13,1,1,Premium ($300+)
64332135-4312-424a-ae0f-16f0e7ede3bf,12,1,271.4,1,12.47,PWPX0982761090987,Cheddar Cheese,Supermarket,Supermarket,12.47,1,1,Low ($10-25)
7bef39b1-8df1-4f57-af53-e7c6dfe078b4,8,1,367.18,1,19.77,PWPX0982761090986,Sourdough Bread,Supermarket,Supermarket,19.77,1,1,Low ($10-25)
059b58ab-78d5-460c-8195-5fb9d781ba21,12,1,199.21,1,18.35,PWPX0982761091028,Spaghetti,Supermarket,Supermarket,18.35,1,1,Low ($10-25)
3b912e07-fb64-439e-b14d-85482b22ec0b,16,1,182.03,1,19.99,PWPX0982761091035,Ranch Dressing,Supermarket,Supermarket,19.99,1,1,Low ($10-25)
96212882-c8fd-4202-b733-d0e17da2ae78,12,1,745.19,1,18.81,PWPX0982761091064,Red Onions,Supermarket,Supermarket,18.81,1,1,Low ($10-25)
fe4a2e4d-3eca-430d-930c-fcb0651a24e9,7,1,248.95,1,10.44,PWPX0982761091084,Pancetta,Supermarket,Supermarket,10.44,1,1,Low ($10-25)
1fc01216-bfa1-4920-9f0c-fce56516c9e0,14,1,356.75,1,310.88,PWPX0982761091118,Fitbit Charge 5,Electronics,Electronics,310.88,1,1,Premium ($300+)
34d78dea-26bf-4d65-838a-ca8c7c22c60a,18,1,416.32,1,725.5,PWPX0982761091125,Nintendo Switch,Electronics,Electronics,725.5,1,1,Premium ($300+)
ec551329-1a07-453d-a415-3462672c6e40,10,1,248.66,1,11.53,PWPX0982761091067,Garlic Bread,Supermarket,Supermarket,11.53,1,1,Low ($10-25)
a45a48ff-0f25-43b6-b994-dd2f21cdcf4d,7,2,288.2,1,26.35,PWPX0982761091088,Frozen Edamame,Supermarket,Supermarket,13.13,1,1,Low ($10-25)
cf3d8e46-cb56-4928-8550-5ec856e37bae,5,1,109.65,1,6.1,PWPX0982761091046,Orange Juice,Supermarket,Supermarket,6.1,1,1,Very Low ($0-10)
dd023695-a2a7-46d0-9f67-70661e43a6ee,12,1,426.67,1,3.78,PWPX0982761091009,Beef Jerky,Supermarket,Supermarket,3.78,1,1,Very Low ($0-10)
7051924c-cb98-47ba-9aa4-d4fe9ce4c129,3,1,361.2,1,12.63,PWPX0982761091070,Tortilla Chips,Supermarket,Supermarket,12.63,1,1,Low ($10-25)
02202dc8-99e9-4a8a-912d-887b5592760a,13,1,789.32,1,16.82,PWPX0982761091079,Canned Chickpeas,Supermarket,Supermarket,16.82,1,1,Low ($10-25)
96ff4c29-90a4-4577-b08b-b91f4db46d33,11,1,321.57,1,2.16,PWPX0982761091081,Vegetable Stock,Supermarket,Supermarket,2.16,1,1,Very Low ($0-10)
43d4b47a-3266-40c3-8792-5ac15bf3eee4,14,1,156.98,1,13.28,PWPX0982761090993,Ground Coffee,Supermarket,Supermarket,13.28,1,1,Low ($10-25)
cfe09b12-5ce5-4ac5-a5da-f1bc29f5b458,17,1,113.87,1,13.74,PWPX0982761091080,Spices Assortment,Supermarket,Supermarket,13.74,1,1,Low ($10-25)
48572176-6b36-46ba-8207-cee193d834de,6,1,158.01,1,18.25,PWPX0982761091053,Cottage Cheese,Supermarket,Supermarket,18.25,1,1,Low ($10-25)
02ba86f0-c0a4-427d-9ccd-e53a0b0e8ce5,12,1,453.71,1,8.21,PWPX0982761091083,Chia Seeds,Supermarket,Supermarket,8.21,1,1,Very Low ($0-10)
4a8c2151-6b24-472c-a5bd-93b7bd986ddf,1,1,190.35,1,3.78,PWPX0982761091009,Beef Jerky,Supermarket,Supermarket,3.78,1,1,Very Low ($0-10)
79c9896a-7aa1-419d-ad22-cbb1aecd505c,14,1,368.07,1,17.95,PWPX0982761091082,Baking Powder,Supermarket,Supermarket,17.95,1,1,Low ($10-25)
b192aab4-5bae-46ed-8185-64f9a7604c9c,18,1,51.15,1,196.72,PWPX0982761091108,Dell XPS 13,Electronics,Electronics,196.72,1,1,Very High ($100-300)
93ac0ed5-bc0a-450e-8317-2cf3bf503d89,14,1,489.96,1,725.5,PWPX0982761091125,Nintendo Switch,Electronics,Electronics,725.5,1,1,Premium ($300+)
624a7f49-e232-4206-8179-81cfdf92af97,18,1,191.77,1,2.65,PWPX0982761091023,Whipped Cream,Supermarket,Supermarket,2.65,1,1,Very Low ($0-10)
e9fd1300-5ed8-41eb-8889-dcbaa52925b7,17,1,267.81,1,4.81,PWPX0982761091058,Frozen Chicken Nuggets,Supermarket,Supermarket,4.81,1,1,Very Low ($0-10)
ac830fa0-964a-4bca-bd1f-891caad3a84a,7,1,870.22,1,6.22,PWPX0982761091025,Trail Mix,Supermarket,Supermarket,6.22,1,1,Very Low ($0-10)
09e0138c-f520-44ea-aed2-700fc88aeaf5,11,1,560.1,1,690.88,PWPX0982761091097,Beats Studio Pro Headphone,Electronics,Electronics,690.88,1,1,Premium ($300+)
55b8e645-0a4b-4aea-a4d8-83988ed4bc59,13,1,363.13,1,7.82,PWPX0982761090989,Tomato Soup,Supermarket,Supermarket,7.82,1,1,Very Low ($0-10)
84a7f8e3-55ba-48e4-93a1-3dc619a48362,1,1,316.86,1,17.95,PWPX0982761091082,Baking Powder,Supermarket,Supermarket,17.95,1,1,Low ($10-25)
46fd6799-e650-44c4-a6a5-7768d117142e,1,1,168.98,1,5.8,PWPX0982761091004,Instant Noodles,Supermarket,Supermarket,5.8,1,1,Very Low ($0-10)
7198af33-6ac6-4545-b5db-d77e9b309e5c,7,2,401.28,1,16.11,PWPX0982761091048,Flour,Supermarket,Supermarket,3.48,1,1,Very Low ($0-10)
fde82cb0-15be-4dd1-aeaf-013b6a320325,6,2,33.22,1,31.080000000000002,PWPX0982761091052,Baby Spinach,Supermarket,Supermarket,16.67,1,1,Low ($10-25)
261ec3ae-a0c1-4815-93e1-848c1b469282,1,1,256.07,1,3.1,PWPX0982761091077,Frozen Mixed Berries,Supermarket,Supermarket,3.1,1,1,Very Low ($0-10)
359d25fd-518f-48c4-8f21-78da785dfeec,10,1,133.61,1,12.63,PWPX0982761091070,Tortilla Chips,Supermarket,Supermarket,12.63,1,1,Low ($10-25)
216c438e-7211-4782-ae1c-2fccfb43c363,7,1,314.14,1,908.87,PWPX0982761091109,GoPro Hero 9,Electronics,Electronics,908.87,1,1,Premium ($300+)
77079caa-dd5c-493d-866a-bfec87c0f8ce,2,1,1285.46,1,690.88,PWPX0982761091097,Beats Studio Pro Headphone,Electronics,Electronics,690.88,1,1,Premium ($300+)
bd16a14f-5309-4101-9233-a61b096f5572,11,1,134.78,1,7.75,PWPX0982761091090,Macaroni,Supermarket,Supermarket,7.75,1,1,Very Low ($0-10)
f8a0bafa-11a4-46d9-b4ee-518b6d900087,14,2,70.1,1,6.2,PWPX0982761091027,Coconut Water,Supermarket,Supermarket,2.72,1,1,Very Low ($0-10)
4beb8573-09ad-4579-a3e3-c2605c5311eb,12,1,298.01,1,16.3,PWPX0982761091040,Hot Dog Buns,Supermarket,Supermarket,16.3,1,1,Low ($10-25)
45a2989c-0cf3-481c-9ce7-cbd81e1e27d1,3,1,239.93,1,13.27,PWPX0982761091069,Ground Beef,Supermarket,Supermarket,13.27,1,1,Low ($10-25)
471baff2-b9cb-4fff-9b08-3ffdf521e18b,18,1,138.43,1,6.1,PWPX0982761091046,Orange Juice,Supermarket,Supermarket,6.1,1,1,Very Low ($0-10)
568eb916-af52-4fa4-a409-85fc455b4bc1,3,1,487.78,1,15.09,PWPX0982761091001,Frozen Pizza,Supermarket,Supermarket,15.09,1,1,Low ($10-25)
08cfd2d6-f8dd-47d1-8fa7-0fcdf3a5a14d,11,1,301.73,1,15.89,PWPX0982761091051,Frozen Berries,Supermarket,Supermarket,15.89,1,1,Low ($10-25)
304f3d20-4780-475a-aca3-737664a6cc45,16,2,204.27,1,748.89,PWPX0982761091110,Kindle Paperwhite,Electronics,Electronics,738.81,1,1,Premium ($300+)
a48686f4-b545-4816-8b07-03f06e8df7c0,6,1,238.56,1,19.77,PWPX0982761090986,Sourdough Bread,Supermarket,Supermarket,19.77,1,1,Low ($10-25)
14ed0b9d-757f-4882-8b7b-c0b8f9f87c9d,18,1,60.31,1,9.37,PWPX0982761091006,Soy Sauce,Supermarket,Supermarket,9.37,1,1,Very Low ($0-10)
10d4f25a-4f84-4980-96ec-08e66eaf812e,19,1,414.79,1,783.07,PWPX0982761091099,Samsung Galaxy S21,Electronics,Electronics,783.07,1,1,Premium ($300+)
a834e095-1fd0-4e04-aa1f-4a91bb8efdf9,1,1,825.06,1,738.81,PWPX0982761091110,Kindle Paperwhite,Electronics,Electronics,738.81,1,1,Premium ($300+)
65767996-d6f9-4640-9f4a-053dd6d90801,1,1,276.39,1,482.13,PWPX0982761091111,HP Envy Printer,Electronics,Electronics,482.13,1,1,Premium ($300+)
340ab83d-249c-4a29-a0d8-b45b58df443e,7,1,257.77,1,6.94,PWPX0982761091038,Beef Patties,Supermarket,Supermarket,6.94,1,1,Very Low ($0-10)
9f88174c-bd9a-4967-97d7-b0e85a539573,17,1,164.77,1,18.25,PWPX0982761091053,Cottage Cheese,Supermarket,Supermarket,18.25,1,1,Low ($10-25)
2aea09b0-ed3c-44a9-a690-4751cc0622ab,19,1,206.21,1,8.23,PWPX0982761091002,Granola Bars,Supermarket,Supermarket,8.23,1,1,Very Low ($0-10)
1c9447b5-9579-47d5-9372-4049bfab35ba,6,1,178.71,1,16.82,PWPX0982761091079,Canned Chickpeas,Supermarket,Supermarket,16.82,1,1,Low ($10-25)
f073b75c-dab1-4841-ac84-7f538af88cf8,4,1,348.18,1,13.28,PWPX0982761090993,Ground Coffee,Supermarket,Supermarket,13.28,1,1,Low ($10-25)
cdf3bb05-1942-4826-b977-7be96085c240,5,2,308.44,1,25.07,PWPX0982761091096,Cooking Spray,Supermarket,Supermarket,12.44,1,1,Low ($10-25)
6cda61cf-8c97-4818-8d94-6d7fc90b7d27,17,1,24.09,1,585.52,PWPX0982761091101,Bose QuietComfort Earbuds,Electronics,Electronics,585.52,1,1,Premium ($300+)
3cceb05a-358d-4cf2-876f-735fdd7a5341,9,1,316.9,1,11.83,PWPX0982761091055,Salsa,Supermarket,Supermarket,11.83,1,1,Low ($10-25)
18d4d5f3-1954-42f9-b2bd-bdbaff9266a1,11,1,247.94,1,11.08,PWPX0982761091020,Frozen Waffles,Supermarket,Supermarket,11.08,1,1,Low ($10-25)
2f7cbda8-793a-4a1d-bb66-3a514bee5dc4,17,3,124.87,1,59.31,PWPX0982761090986,Sourdough Bread,Supermarket,Supermarket,19.77,1,1,Low ($10-25)
77227b79-3bf2-4cc0-b3c1-70d802473f80,10,2,748.61,1,24.240000000000002,PWPX0982761091044,Protein Bars,Supermarket,Supermarket,15.49,1,1,Low ($10-25)
167b73cb-fa60-4765-846f-114378e68433,6,1,1010.54,1,14.22,PWPX0982761091016,Romaine Lettuce,Supermarket,Supermarket,14.22,1,1,Low ($10-25)
8afcd1d6-5631-42f6-bdc8-ecd8d4c73538,13,1,201.84,1,4.71,PWPX0982761091078,Frozen Shrimp,Supermarket,Supermarket,4.71,1,1,Very Low ($0-10)
c4b3126b-d5e0-414b-a8ec-77ac83db9b64,16,2,24.96,1,23.509999999999998,PWPX0982761091076,Chicken Thighs,Supermarket,Supermarket,15.69,1,1,Low ($10-25)
1f85997b-9f4a-4d9f-a872-2ba01fbcea8f,19,1,752.47,1,908.87,PWPX0982761091109,GoPro Hero 9,Electronics,Electronics,908.87,1,1,Premium ($300+)
5a012b1a-f542-4cfc-ac5a-94b9f3a245ae,1,1,26.81,1,9.89,PWPX0982761091056,Salted Butter,Supermarket,Supermarket,9.89,1,1,Very Low ($0-10)
f2931dcc-88ea-42f7-be65-8921f32ce533,16,2,461.92,1,28.36,PWPX0982761091000,Bagged Spinach,Supermarket,Supermarket,17.28,1,1,Low ($10-25)
d2692d4e-f2ca-4b6c-94fb-3cee2c7231e4,16,2,368.12,1,24.51,PWPX0982761091002,Granola Bars,Supermarket,Supermarket,8.23,1,1,Very Low ($0-10)
d8d07312-3d3e-4e2e-b8b4-5c7d105c808d,8,1,188.46,1,12.47,PWPX0982761090987,Cheddar Cheese,Supermarket,Supermarket,12.47,1,1,Low ($10-25)
18e52d28-27f4-4aea-a493-330cc8c15386,16,1,907.97,1,16.28,PWPX0982761091022,Shredded Cheese,Supermarket,Supermarket,16.28,1,1,Low ($10-25)
82094def-4072-4bc3-9330-8b0c943c9b43,10,2,489.61,1,31.950000000000003,PWPX0982761091085,Red Grapes,Supermarket,Supermarket,14.67,1,1,Low ($10-25)
db23ac4c-489d-4291-872d-f768cb3671b6,9,1,353.84,1,750.72,PWPX0982761091113,Google Chromecast,Electronics,Electronics,750.72,1,1,Premium ($300+)
2ead8940-b4a9-4e49-b69f-365704eb3228,12,1,481.5,1,19.55,PWPX0982761091049,Baking Soda,Supermarket,Supermarket,19.55,1,1,Low ($10-25)
69149f45-c402-4038-b650-730c6dae30bf,12,1,193.93,1,5.92,PWPX0982761091059,Organic Baby Carrots,Supermarket,Supermarket,5.92,1,1,Very Low ($0-10)
ef8ff86d-25b6-4f79-a32f-4dbaaa45f7c1,17,1,473.78,1,6.09,PWPX0982761091032,Olive Oil,Supermarket,Supermarket,6.09,1,1,Very Low ($0-10)
46c2b3c1-94b6-4f09-8e93-d24bc44190f7,10,1,161.2,1,270.42,PWPX0982761091116,DJI Mini Drone,Electronics,Electronics,270.42,1,1,Very High ($100-300)
f2ce7d72-a1d0-41f9-84b7-dd1bb52c7ad5,7,1,58.01,1,477.29,PWPX0982761091103,Amazon Echo Dot,Electronics,Electronics,477.29,1,1,Premium ($300+)
169754b4-756f-40ea-a4fe-f9c7f600a499,13,1,274.02,1,3.85,PWPX0982761091014,Whole Wheat Bread,Supermarket,Supermarket,3.85,1,1,Very Low ($0-10)
19f5db4a-c330-48fe-ad5d-5aeb56734376,14,1,123.04,1,19.38,PWPX0982761091039,Chicken Wings,Supermarket,Supermarket,19.38,1,1,Low ($10-25)
4485749d-df77-4a5d-8573-6c537013b1a7,11,1,477.02,1,9.87,PWPX0982761091047,Pickles,Supermarket,Supermarket,9.87,1,1,Very Low ($0-10)
b8d5053f-18cf-4409-9408-c4ae9e1f2774,14,1,482.29,1,246.7,PWPX0982761091114,Sony WH-1000XM4 Headphones,Electronics,Electronics,246.7,1,1,Very High ($100-300)
f296e083-eb48-4480-a023-00d779837b15,7,1,283.86,1,307.07,PWPX0982761091123,JBL Flip Speaker,Electronics,Electronics,307.07,1,1,Premium ($300+)
e51ca80f-6823-442d-a926-d85437a0e388,1,1,336.15,1,4.71,PWPX0982761091078,Frozen Shrimp,Supermarket,Supermarket,4.71,1,1,Very Low ($0-10)
70be45a5-3e46-4741-80b0-98778b41a21c,7,1,25.12,1,17.21,PWPX0982761091017,Salmon Filets,Supermarket,Supermarket,17.21,1,1,Low ($10-25)
9086683b-7d72-497e-8358-9d6f06603707,7,1,59.43,1,3.94,PWPX0982761090985,Organic Bananas,Supermarket,Supermarket,3.94,1,1,Very Low ($0-10)
0fe2dec0-a44e-4208-9b32-e4c81f78498a,9,1,377.9,1,9.95,PWPX0982761090984,Whole Milk,Supermarket,Supermarket,9.95,1,1,Very Low ($0-10)
9d9fdbd2-7ed1-432a-b411-f80c5e99310e,16,1,360.06,1,15.89,PWPX0982761091051,Frozen Berries,Supermarket,Supermarket,15.89,1,1,Low ($10-25)
6b395305-8284-4afe-b65b-54ff44567820,10,1,239.43,1,11.53,PWPX0982761091067,Garlic Bread,Supermarket,Supermarket,11.53,1,1,Low ($10-25)
14c67946-95a5-40f0-b4e8-ea3b2c49f4a2,13,1,458.73,1,7.92,PWPX0982761091012,Hummus,Supermarket,Supermarket,7.92,1,1,Very Low ($0-10)
366c97d6-68f0-4c80-a19b-0504abe7afa7,6,2,242.16,1,25.39,PWPX0982761091007,Apples,Supermarket,Supermarket,18.45,1,1,Low ($10-25)
d1c5a8f4-c1d3-4662-8da7-357cf959abef,16,1,467.44,1,310.88,PWPX0982761091118,Fitbit Charge 5,Electronics,Electronics,310.88,1,1,Premium ($300+)
b2dac840-b952-4689-ad91-39064357745e,10,1,100.79,1,2.16,PWPX0982761091081,Vegetable Stock,Supermarket,Supermarket,2.16,1,1,Very Low ($0-10)
64317d87-ae92-486d-a385-9cc6f531eba2,14,1,992.92,1,17.09,PWPX0982761091086,Frozen Mozzarella,Supermarket,Supermarket,17.09,1,1,Low ($10-25)
761d9586-4a45-48a0-a50e-333a206439b9,13,1,487.97,1,9.37,PWPX0982761091006,Soy Sauce,Supermarket,Supermarket,9.37,1,1,Very Low ($0-10)
5244b87a-c23d-4870-86d9-1b9b87a2e2e3,15,1,97.72,1,16.69,PWPX0982761091045,Whole Wheat Tortillas,Supermarket,Supermarket,16.69,1,1,Low ($10-25)
60f93602-e345-4026-ac86-8c5f48975d81,2,1,45.47,1,18.45,PWPX0982761091007,Apples,Supermarket,Supermarket,18.45,1,1,Low ($10-25)
be6564e3-f463-42a4-964e-63a3cef649a9,3,1,234.62,1,11.02,PWPX0982761091063,Sweet Potatoes,Supermarket,Supermarket,11.02,1,1,Low ($10-25)
c8b2e199-f496-4094-ac92-3bdc1f499140,14,1,303.49,1,8.48,PWPX0982761091054,Turkey Burgers,Supermarket,Supermarket,8.48,1,1,Very Low ($0-10)
414c77ec-2e56-4ae8-8f03-e8bc78e6446c,4,1,137.49,1,10.96,PWPX0982761091094,Frozen Ravioli,Supermarket,Supermarket,10.96,1,1,Low ($10-25)
eb574f2e-86e8-453a-bf3e-8b436a6bc3e6,3,1,115.41,1,9.48,PWPX0982761091091,Diced Tomatoes,Supermarket,Supermarket,9.48,1,1,Very Low ($0-10)
837d83db-c495-4114-a136-6b749b8b5872,13,1,181.09,1,9.89,PWPX0982761091056,Salted Butter,Supermarket,Supermarket,9.89,1,1,Very Low ($0-10)
bfbf084e-f2c5-4084-8011-b4ab8fe7d0ac,1,1,97.47,1,8.75,PWPX0982761091065,Avocado Oil,Supermarket,Supermarket,8.75,1,1,Very Low ($0-10)
dcfb3b58-ac62-4192-9378-e7b9a2499982,9,1,218.7,1,196.72,PWPX0982761091108,Dell XPS 13,Electronics,Electronics,196.72,1,1,Very High ($100-300)
8a327536-7d28-4177-a983-d3c5b881fc75,1,1,35.36,1,18.01,PWPX0982761090988,Greek Yogurt,Supermarket,Supermarket,18.01,1,1,Low ($10-25)
4bd453d4-80c9-4515-a23c-cc6f2fccc25f,4,1,148.51,1,12.53,PWPX0982761090982,Kellogg's Frosties,Supermarket,Supermarket,12.53,1,1,Low ($10-25)
3a0c1a87-c17e-42fc-8e5e-ca946300a58a,18,1,155.13,1,5.92,PWPX0982761091059,Organic Baby Carrots,Supermarket,Supermarket,5.92,1,1,Very Low ($0-10)
09b47c0b-c2cb-4470-acdc-0e29f57c55b8,13,1,153.3,1,19.77,PWPX0982761090986,Sourdough Bread,Supermarket,Supermarket,19.77,1,1,Low ($10-25)
354c747e-cf53-4d06-9357-ffe7f221dc3a,5,1,330.2,1,18.81,PWPX0982761091064,Red Onions,Supermarket,Supermarket,18.81,1,1,Low ($10-25)
d71ffebf-1466-4d82-9387-f6b89f1548ea,7,1,388.66,1,9.97,PWPX0982761091031,Corn Tortillas,Supermarket,Supermarket,9.97,1,1,Very Low ($0-10)
e4a7b1f6-0be7-400d-8f1c-07a9232ff68d,11,2,357.79,1,24.009999999999998,PWPX0982761091005,Ketchup,Supermarket,Supermarket,17.79,1,1,Low ($10-25)
0c27560c-991b-477e-9e1d-d4330eed646b,11,1,866.97,1,17.78,PWPX0982761091033,Pancake Mix,Supermarket,Supermarket,17.78,1,1,Low ($10-25)
0eb16ff0-6167-427b-944d-354cb52303ce,3,1,240.56,1,7.75,PWPX0982761091090,Macaroni,Supermarket,Supermarket,7.75,1,1,Very Low ($0-10)
345fcaa6-20fe-40f8-8004-568f1a3576ab,12,1,916.55,1,10.16,PWPX0982761091050,Rice Pudding,Supermarket,Supermarket,10.16,1,1,Low ($10-25)
8d1d53da-a86f-46f9-904d-95215769e915,6,2,138.17,1,11.690000000000001,PWPX0982761091048,Flour,Supermarket,Supermarket,3.48,1,1,Very Low ($0-10)
186ff7da-506b-4baa-9d06-f261497e71aa,7,1,284.58,1,12.71,PWPX0982761091010,Italian Sausage,Supermarket,Supermarket,12.71,1,1,Low ($10-25)
f4d78154-9005-467f-afee-78fcc4c7aba4,5,1,486.76,1,9.37,PWPX0982761091006,Soy Sauce,Supermarket,Supermarket,9.37,1,1,Very Low ($0-10)
bd21ac64-cc93-4558-8644-2f45b98dfebb,2,1,425.31,1,4.67,PWPX0982761090983,Uncured Bacon,Supermarket,Supermarket,4.67,1,1,Very Low ($0-10)
84dec073-ee91-4428-9e42-808c3ab1b315,14,1,475.24,1,18.25,PWPX0982761091053,Cottage Cheese,Supermarket,Supermarket,18.25,1,1,Low ($10-25)
2b888c46-6d7e-423b-a419-9479845387c3,1,1,56.74,1,8.68,PWPX0982761091019,Maple Syrup,Supermarket,Supermarket,8.68,1,1,Very Low ($0-10)
cad29147-8640-4f06-a0ff-459db8e0ce09,16,1,334.13,1,3.85,PWPX0982761091014,Whole Wheat Bread,Supermarket,Supermarket,3.85,1,1,Very Low ($0-10)
b31dc48b-4f1b-453f-8b79-695dc1d0bf77,18,1,1051.17,1,180.2,PWPX0982761091120,Apple iPhone 13 Pro,Electronics,Electronics,180.2,1,1,Very High ($100-300)
38e6ed00-e73a-4182-81f0-462c6571df9e,14,1,469.67,1,17.11,PWPX0982761090999,Brown Rice,Supermarket,Supermarket,17.11,1,1,Low ($10-25)
75aabac1-dd94-40e9-a57e-f52e9ff30a18,9,3,125.77,1,55.800000000000004,PWPX0982761090992,Canned Tuna,Supermarket,Supermarket,18.6,1,1,Low ($10-25)
f0ef85b4-fc4b-40fe-aa8a-3811520f167c,18,2,816.55,1,28.099999999999998,PWPX0982761091064,Red Onions,Supermarket,Supermarket,18.81,1,1,Low ($10-25)
b1a8d045-3509-4e40-9874-6d8b365fc510,17,1,260.65,1,8.54,PWPX0982761091036,Frozen Vegetables,Supermarket,Supermarket,8.54,1,1,Very Low ($0-10)
5a8f3f88-04f3-4d6c-b356-c62d08eb5550,1,1,258.39,1,225.68,PWPX0982761091098,Logitech Mouse,Electronics,Electronics,225.68,1,1,Very High ($100-300)
77403881-1083-46fc-9182-107b33b873a9,1,1,38.65,1,11.08,PWPX0982761091020,Frozen Waffles,Supermarket,Supermarket,11.08,1,1,Low ($10-25)
54ba434a-bfed-4529-975e-a29d2a9df704,13,1,364.69,1,19.38,PWPX0982761091039,Chicken Wings,Supermarket,Supermarket,19.38,1,1,Low ($10-25)
6173b39d-ba7b-455d-823a-e2dca1f62194,15,1,255.39,1,270.42,PWPX0982761091116,DJI Mini Drone,Electronics,Electronics,270.42,1,1,Very High ($100-300)
f1f0ee03-b4e4-4c34-893e-e73698c1f3ff,16,1,265.65,1,3.94,PWPX0982761090985,Organic Bananas,Supermarket,Supermarket,3.94,1,1,Very Low ($0-10)
93991c29-1a2a-47b5-8c13-8f2fc25ea1c5,7,1,382.3,1,7.81,PWPX0982761091074,Frozen Corn,Supermarket,Supermarket,7.81,1,1,Very Low ($0-10)
6d70b1dd-be9c-4e31-9c8d-38525948813a,5,1,320.28,1,9.3,PWPX0982761091026,Potato Chips,Supermarket,Supermarket,9.3,1,1,Very Low ($0-10)
7d622d16-51d9-4956-817c-3c656f5c8367,5,1,111.31,1,11.02,PWPX0982761091063,Sweet Potatoes,Supermarket,Supermarket,11.02,1,1,Low ($10-25)
9eef1513-e72b-4ffa-a33e-291b20682c66,18,1,47.51,1,10.16,PWPX0982761091050,Rice Pudding,Supermarket,Supermarket,10.16,1,1,Low ($10-25)
20fd1daf-0ba8-401a-a939-dc6137fe9cad,16,1,159.34,1,16.3,PWPX0982761091040,Hot Dog Buns,Supermarket,Supermarket,16.3,1,1,Low ($10-25)
350926dd-e916-4153-9ea1-35e352bcb69f,17,1,133.71,1,4.38,PWPX0982761090998,Broccoli,Supermarket,Supermarket,4.38,1,1,Very Low ($0-10)
662ba43d-5e5c-4f04-93a9-cd8215b725bb,1,1,359.34,1,300.54,PWPX0982761091119,Dyson V11 Vacuum,Electronics,Electronics,300.54,1,1,Premium ($300+)
9cf20e6f-a30c-4014-94b4-5e43206df7ff,4,1,1102.85,1,19.55,PWPX0982761091049,Baking Soda,Supermarket,Supermarket,19.55,1,1,Low ($10-25)
8d92aab1-fcea-427d-bcee-99b554e02b06,13,1,95.5,1,7.95,PWPX0982761091041,Mustard,Supermarket,Supermarket,7.95,1,1,Very Low ($0-10)
de35fde5-7067-45ff-a907-a9bb7948633a,5,1,279.65,1,6.48,PWPX0982761091093,Chocolate Milk,Supermarket,Supermarket,6.48,1,1,Very Low ($0-10)
82cd9a0c-9ad9-430a-bce8-0518da7e957b,2,1,875.5,1,2.16,PWPX0982761091081,Vegetable Stock,Supermarket,Supermarket,2.16,1,1,Very Low ($0-10)
f426bd3c-e1fc-4560-8579-035d8bf4a53c,10,1,350.6,1,15.69,PWPX0982761091076,Chicken Thighs,Supermarket,Supermarket,15.69,1,1,Low ($10-25)
f99f9817-c050-4a9b-9f11-369aff22e81e,1,1,363.41,1,10.78,PWPX0982761091024,Chocolate Chip Cookies,Supermarket,Supermarket,10.78,1,1,Low ($10-25)
57046041-f1ab-47ec-93de-384587e49a9d,7,1,214.38,1,17.21,PWPX0982761091017,Salmon Filets,Supermarket,Supermarket,17.21,1,1,Low ($10-25)
8f282535-119b-42b5-9fe5-7d6861a93a2f,18,1,435.2,1,482.13,PWPX0982761091111,HP Envy Printer,Electronics,Electronics,482.13,1,1,Premium ($300+)
de8641b0-8fac-4267-a2e6-0f1640e6d775,11,1,338.12,1,13.28,PWPX0982761090993,Ground Coffee,Supermarket,Supermarket,13.28,1,1,Low ($10-25)
5d21ec34-c916-450d-bed3-6bda840eacdd,14,1,278.8,1,4.51,PWPX0982761091008,Oranges,Supermarket,Supermarket,4.51,1,1,Very Low ($0-10)
4619e6e1-3740-4ff3-9a50-c06f998aacb7,4,1,40.82,1,10.57,PWPX0982761091034,Eggs,Supermarket,Supermarket,10.57,1,1,Low ($10-25)
eeeeabc7-b226-494a-99b7-b4d40f02e2a2,10,1,761.55,1,17.28,PWPX0982761091000,Bagged Spinach,Supermarket,Supermarket,17.28,1,1,Low ($10-25)
c75bf18a-ad44-47bf-a940-3cf2b42a600c,2,1,130.24,1,196.72,PWPX0982761091108,Dell XPS 13,Electronics,Electronics,196.72,1,1,Very High ($100-300)
dd986cd2-f79d-4154-a330-f6260a53ef7d,3,1,753.88,1,15.89,PWPX0982761091051,Frozen Berries,Supermarket,Supermarket,15.89,1,1,Low ($10-25)
41c6d03e-def2-4a7f-b843-5035686be348,12,1,51.89,1,12.63,PWPX0982761091070,Tortilla Chips,Supermarket,Supermarket,12.63,1,1,Low ($10-25)
8921c56b-e1a5-4bc2-9706-1d5407ce27bd,13,2,452.05,1,18.14,PWPX0982761091023,Whipped Cream,Supermarket,Supermarket,2.65,1,1,Very Low ($0-10)
4e21678d-91a4-47eb-951e-e55394e07c4e,5,2,707.12,1,885.09,PWPX0982761091102,Sony PlayStation 5,Electronics,Electronics,880.38,1,1,Premium ($300+)
cfaf7901-b34e-4e86-bd44-78b20f2510f0,2,1,127.08,1,19.58,PWPX0982761090996,Oat Milk,Supermarket,Supermarket,19.58,1,1,Low ($10-25)
d8e6698b-1fe6-485d-967d-11ed1b1aed1b,11,1,388.65,1,750.72,PWPX0982761091113,Google Chromecast,Electronics,Electronics,750.72,1,1,Premium ($300+)
810c4c97-5492-4f8d-aec5-673b0594d02e,8,1,190.48,1,185.97,PWPX0982761091107,Apple iPad Air,Electronics,Electronics,185.97,1,1,Very High ($100-300)
0a152d90-1703-4a09-8f3f-febbfa5d8b2a,3,2,40.35,1,51.33,PWPX0982761090999,Brown Rice,Supermarket,Supermarket,17.11,1,1,Low ($10-25)
5e5e2815-e3ad-4c05-b7d9-c004d9bc72f0,14,1,345.99,1,12.63,PWPX0982761091070,Tortilla Chips,Supermarket,Supermarket,12.63,1,1,Low ($10-25)
9597c22e-5266-4f35-8c68-91fbee3aec4d,19,1,266.16,1,9.37,PWPX0982761091006,Soy Sauce,Supermarket,Supermarket,9.37,1,1,Very Low ($0-10)
73def519-831c-45dc-bad4-31d3f1050273,8,1,807.16,1,424.82,PWPX0982761091100,Apple MacBook Pro,Electronics,Electronics,424.82,1,1,Premium ($300+)
6d7be11d-3539-41fc-842a-5b15d7844cb1,2,1,143.25,1,11.13,PWPX0982761091057,String Cheese,Supermarket,Supermarket,11.13,1,1,Low ($10-25)
b019e52c-6e2e-4fbe-8301-33708c50f54e,10,1,419.15,1,11.26,PWPX0982761091068,Frozen Broccoli,Supermarket,Supermarket,11.26,1,1,Low ($10-25)
eba58d68-156a-413f-84d6-2940a431afe5,3,1,1076.53,1,3.85,PWPX0982761091014,Whole Wheat Bread,Supermarket,Supermarket,3.85,1,1,Very Low ($0-10)
1a91e6c8-3d42-4e43-b24a-8330379fa9bb,8,1,149.08,1,16.67,PWPX0982761091052,Baby Spinach,Supermarket,Supermarket,16.67,1,1,Low ($10-25)
956f7021-0e3c-4056-bf47-0d261eb1a03f,19,1,138.6,1,8.21,PWPX0982761091083,Chia Seeds,Supermarket,Supermarket,8.21,1,1,Very Low ($0-10)
35b5e99c-bd5b-4555-9793-5d09becb21c8,17,1,490.3,1,13.28,PWPX0982761090993,Ground Coffee,Supermarket,Supermarket,13.28,1,1,Low ($10-25)
38fbd432-4904-4a48-a644-cf26703af931,16,1,394.99,1,585.52,PWPX0982761091101,Bose QuietComfort Earbuds,Electronics,Electronics,585.52,1,1,Premium ($300+)
07945bf3-25ff-41f8-8424-72d75a333a9f,16,1,217.81,1,15.09,PWPX0982761091001,Frozen Pizza,Supermarket,Supermarket,15.09,1,1,Low ($10-25)
0d68b91c-e70e-4be9-8316-a5ac1e2c364d,13,1,272.26,1,6.56,PWPX0982761091013,Rice Cakes,Supermarket,Supermarket,6.56,1,1,Very Low ($0-10)
31b3da22-c248-4652-8432-ebe46f539886,14,2,475.94,1,701.35,PWPX0982761091097,Beats Studio Pro Headphone,Electronics,Electronics,690.88,1,1,Premium ($300+)
6b007a55-60b1-412a-8f75-cb74de63ac72,11,1,203.96,1,8.11,PWPX0982761090995,Cinnamon Toast Crunch,Supermarket,Supermarket,8.11,1,1,Very Low ($0-10)
48eace83-04d6-4087-ad4a-cef7a4092cdb,14,1,348.73,1,11.02,PWPX0982761091063,Sweet Potatoes,Supermarket,Supermarket,11.02,1,1,Low ($10-25)
27aa51ef-bfee-4bbf-82b3-0b43acd81591,7,1,201.5,1,477.29,PWPX0982761091103,Amazon Echo Dot,Electronics,Electronics,477.29,1,1,Premium ($300+)
69069209-8cdd-485d-a61b-fc56490bd108,11,1,61.79,1,7.82,PWPX0982761090989,Tomato Soup,Supermarket,Supermarket,7.82,1,1,Very Low ($0-10)
6548c799-e9d2-400b-809d-dae075549ce1,3,1,290.28,1,4.43,PWPX0982761091015,Bell Peppers,Supermarket,Supermarket,4.43,1,1,Very Low ($0-10)
1d766909-6202-495c-a8a5-9ce95f37d22c,8,1,272.73,1,9.48,PWPX0982761091091,Diced Tomatoes,Supermarket,Supermarket,9.48,1,1,Very Low ($0-10)
a34b5717-429b-43b2-a895-6d8be7fcb5d4,7,2,204.33,1,24.34,PWPX0982761091013,Rice Cakes,Supermarket,Supermarket,6.56,1,1,Very Low ($0-10)
937681f0-277f-461c-a487-533979142fcf,10,2,313.02,1,24.85,PWPX0982761091042,Shredded Carrots,Supermarket,Supermarket,13.83,1,1,Low ($10-25)
74c82c94-8a80-4d29-8b48-f0061d212148,11,1,201.47,1,4.51,PWPX0982761091008,Oranges,Supermarket,Supermarket,4.51,1,1,Very Low ($0-10)
019f0fc4-00ac-419e-aa4d-005a738c0197,10,1,312.82,1,497.46,PWPX0982761091105,Microsoft Surface Pro,Electronics,Electronics,497.46,1,1,Premium ($300+)
3e496255-c336-440e-b98f-b21d72522f4a,18,1,349.72,1,307.07,PWPX0982761091123,JBL Flip Speaker,Electronics,Electronics,307.07,1,1,Premium ($300+)
c74d7236-3a16-4cce-96ea-9221c2d08714,10,1,56.58,1,18.01,PWPX0982761090988,Greek Yogurt,Supermarket,Supermarket,18.01,1,1,Low ($10-25)
b87990d5-a8a4-406a-9797-193d81c53527,7,1,130.02,1,15.28,PWPX0982761091092,Basil Pesto,Supermarket,Supermarket,15.28,1,1,Low ($10-25)
8fb4a266-a60f-4bdf-b775-7c8023663aa4,10,1,993.12,1,10.1,PWPX0982761090990,Frozen Peas,Supermarket,Supermarket,10.1,1,1,Low ($10-25)
b78b54a6-7c3e-4df0-87a5-074aac262611,1,1,145.44,1,840.38,PWPX0982761091115,Garmin Forerunner,Electronics,Electronics,840.38,1,1,Premium ($300+)
f27bf716-a632-4445-93b9-1ada96cb7eb6,7,1,667.57,1,4.81,PWPX0982761091058,Frozen Chicken Nuggets,Supermarket,Supermarket,4.81,1,1,Very Low ($0-10)
1a35acf8-4950-4c86-aca4-7bce47103406,19,1,287.9,1,19.38,PWPX0982761091039,Chicken Wings,Supermarket,Supermarket,19.38,1,1,Low ($10-25)
7e3b5d6f-8105-4be1-bcd5-92f42268353c,13,1,892.15,1,6.13,PWPX0982761091072,Cereal Bars,Supermarket,Supermarket,6.13,1,1,Very Low ($0-10)
076934dc-5103-4ffe-829b-d4c3a0611d67,1,1,216.48,1,424.82,PWPX0982761091100,Apple MacBook Pro,Electronics,Electronics,424.82,1,1,Premium ($300+)
0fd8e667-4336-41e2-b858-f6c1abda8a65,16,1,450.35,1,16.3,PWPX0982761091040,Hot Dog Buns,Supermarket,Supermarket,16.3,1,1,Low ($10-25)
a0eae576-5370-4812-ac93-4b4c8ff25184,14,1,355.5,1,12.71,PWPX0982761091010,Italian Sausage,Supermarket,Supermarket,12.71,1,1,Low ($10-25)
6b9225cf-f369-401d-a843-6eb4d61674af,12,1,486.89,1,10.08,PWPX0982761091089,Pita Bread,Supermarket,Supermarket,10.08,1,1,Low ($10-25)
0c727e6c-7469-45ec-9c6e-d83736565a6f,14,1,270.16,1,17.54,PWPX0982761090991,Honey Nut Cheerios,Supermarket,Supermarket,17.54,1,1,Low ($10-25)
33419a65-4d4a-4efb-b6fc-25a5227accc5,7,1,40.7,1,3.85,PWPX0982761091018,Butter,Supermarket,Supermarket,3.85,1,1,Very Low ($0-10)
309ceea2-8f17-4cb5-9898-f68ef79e2cdb,9,1,441.76,1,9.3,PWPX0982761091026,Potato Chips,Supermarket,Supermarket,9.3,1,1,Very Low ($0-10)
d5cea1eb-7016-451b-9426-51973f4d6e14,6,3,61.38,1,11.82,PWPX0982761090985,Organic Bananas,Supermarket,Supermarket,3.94,1,1,Very Low ($0-10)
ef947448-0475-4355-867a-19a0d785c09a,13,2,272.65,1,24.98,PWPX0982761091019,Maple Syrup,Supermarket,Supermarket,8.68,1,1,Very Low ($0-10)
53ed2887-dd6f-4881-8a7f-fb45544bfc4e,13,1,1040.32,1,4.43,PWPX0982761091015,Bell Peppers,Supermarket,Supermarket,4.43,1,1,Very Low ($0-10)
2435218f-1546-45b3-b8e8-eb244521e5b4,17,1,153.82,1,16.67,PWPX0982761091052,Baby Spinach,Supermarket,Supermarket,16.67,1,1,Low ($10-25)
56255312-02d8-4788-ad70-deb9cc2e03ee,6,1,321.45,1,7.92,PWPX0982761091012,Hummus,Supermarket,Supermarket,7.92,1,1,Very Low ($0-10)
cad1db93-8dd9-4ab4-8f1d-b3954f9858cc,14,1,360.61,1,4.43,PWPX0982761091015,Bell Peppers,Supermarket,Supermarket,4.43,1,1,Very Low ($0-10)
de60cfb6-3c9c-4c33-9eba-0a99a1c5c0d1,4,1,285.67,1,13.83,PWPX0982761091042,Shredded Carrots,Supermarket,Supermarket,13.83,1,1,Low ($10-25)
692d84c5-1cbd-4d5f-a788-ef84dc58c7b4,5,2,168.49,1,200.64,PWPX0982761091107,Apple iPad Air,Electronics,Electronics,185.97,1,1,Very High ($100-300)
554a0d7b-cec5-48fe-9c7a-4b77ed8eeaff,5,1,441.04,1,12.63,PWPX0982761091070,Tortilla Chips,Supermarket,Supermarket,12.63,1,1,Low ($10-25)
6d9657e2-b3a5-492b-a80f-7940f33bb789,11,1,259.17,1,4.71,PWPX0982761091078,Frozen Shrimp,Supermarket,Supermarket,4.71,1,1,Very Low ($0-10)
bee6884c-ae32-45ca-97f8-d41c176a3914,1,1,74.19,1,783.07,PWPX0982761091099,Samsung Galaxy S21,Electronics,Electronics,783.07,1,1,Premium ($300+)
152cb93f-4655-47b0-9c27-43a69678f888,18,1,89.86,1,16.82,PWPX0982761091079,Canned Chickpeas,Supermarket,Supermarket,16.82,1,1,Low ($10-25)
ba046d25-38c7-4f3a-a7a5-0400a263aba4,1,1,128.55,1,2.65,PWPX0982761091023,Whipped Cream,Supermarket,Supermarket,2.65,1,1,Very Low ($0-10)
a5b7bc37-c5c4-40ab-bdbc-878bffe04284,12,1,373.15,1,19.8,PWPX0982761091062,Bread Crumbs,Supermarket,Supermarket,19.8,1,1,Low ($10-25)
536665f8-f325-42c1-8b9b-65fae2b55b7d,18,1,256.95,1,11.02,PWPX0982761091063,Sweet Potatoes,Supermarket,Supermarket,11.02,1,1,Low ($10-25)
43969ce7-e951-4021-8421-3b3bab6c86aa,14,1,844.43,1,3.78,PWPX0982761091009,Beef Jerky,Supermarket,Supermarket,3.78,1,1,Very Low ($0-10)
e7b5b5f9-c93e-4e1b-b107-06ec7dd6819e,5,1,1121.08,1,19.8,PWPX0982761091062,Bread Crumbs,Supermarket,Supermarket,19.8,1,1,Low ($10-25)
f5947477-9b25-4d82-97ed-8f1209c2aed4,7,1,210.16,1,12.01,PWPX0982761091037,Almond Butter,Supermarket,Supermarket,12.01,1,1,Low ($10-25)
e761d22b-b913-44f7-9fce-6985f9496c0e,13,1,238.15,1,19.99,PWPX0982761091035,Ranch Dressing,Supermarket,Supermarket,19.99,1,1,Low ($10-25)
70e45dd7-39ad-4722-b47a-fffd05f05e53,3,1,100.65,1,8.48,PWPX0982761091054,Turkey Burgers,Supermarket,Supermarket,8.48,1,1,Very Low ($0-10)
e9dc60c2-6554-4213-939b-e8632894b170,13,1,517.96,1,7.29,PWPX0982761091030,Ice Cream,Supermarket,Supermarket,7.29,1,1,Very Low ($0-10)
397a0ffd-0455-460f-9534-eb0c54a5f8f5,10,1,419.14,1,13.22,PWPX0982761091003,Sliced Turkey,Supermarket,Supermarket,13.22,1,1,Low ($10-25)
8c5ff870-049e-4318-94c6-015b7bda3b7f,12,1,468.36,1,8.21,PWPX0982761091083,Chia Seeds,Supermarket,Supermarket,8.21,1,1,Very Low ($0-10)
36fa3c35-fc49-4bc2-aefe-03dbbd354cf4,16,2,846.83,1,665.6800000000001,PWPX0982761091106,NVIDIA GeForce RTX 3060,Electronics,Electronics,647.73,1,1,Premium ($300+)
5b3948a7-cf81-47cc-a4b5-0d6b1f50e74f,13,1,492.44,1,12.47,PWPX0982761090987,Cheddar Cheese,Supermarket,Supermarket,12.47,1,1,Low ($10-25)
783a885f-68e7-4600-b20f-f6a729fb3ec3,1,1,334.88,1,10.08,PWPX0982761091089,Pita Bread,Supermarket,Supermarket,10.08,1,1,Low ($10-25)
4a8d44fe-0f0a-4e27-bfdb-e689302e891a,14,1,100.36,1,2.72,PWPX0982761091027,Coconut Water,Supermarket,Supermarket,2.72,1,1,Very Low ($0-10)
284be7e2-54af-43c3-b1db-b8c3e25b4cec,6,1,371.61,1,10.57,PWPX0982761091034,Eggs,Supermarket,Supermarket,10.57,1,1,Low ($10-25)
ce393897-6f13-4891-ae9e-0d9e52004fa9,14,2,167.47,1,439.23,PWPX0982761091100,Apple MacBook Pro,Electronics,Electronics,424.82,1,1,Premium ($300+)
e630db3a-c509-4a18-bc3e-6281fe0d323e,4,1,283.5,1,9.37,PWPX0982761091006,Soy Sauce,Supermarket,Supermarket,9.37,1,1,Very Low ($0-10)
f78805bd-53ec-4b18-9713-40e89c4fffe8,9,1,111.35,1,7.29,PWPX0982761091030,Ice Cream,Supermarket,Supermarket,7.29,1,1,Very Low ($0-10)
f72ea098-660d-4133-abb4-a6c05d57a6e1,19,1,419.48,1,579.0,PWPX0982761091112,Apple Watch Series 6,Electronics,Electronics,579.0,1,1,Premium ($300+)
dbfd4d12-6868-4900-b305-c71d3636658b,2,1,794.92,1,310.88,PWPX0982761091118,Fitbit Charge 5,Electronics,Electronics,310.88,1,1,Premium ($300+)
adcf4df3-5b2b-438c-a7df-d03f21f34829,1,1,59.6,1,7.3,PWPX0982761091011,Avocado,Supermarket,Supermarket,7.3,1,1,Very Low ($0-10)
26481d19-7f3d-4acf-b06f-14d6f3208c00,2,1,89.2,1,187.4,PWPX0982761091126,Panasonic Lumix Camera,Electronics,Electronics,187.4,1,1,Very High ($100-300)
87388f72-fcd8-4dfb-8074-9e40d54e13cc,14,1,865.67,1,16.67,PWPX0982761091052,Baby Spinach,Supermarket,Supermarket,16.67,1,1,Low ($10-25)
91c3a37f-fb36-4899-9d87-d5d310fa5cd2,9,2,462.88,1,23.67,PWPX0982761091094,Frozen Ravioli,Supermarket,Supermarket,10.96,1,1,Low ($10-25)
3fb2d342-65cf-40ff-ab19-37d33baf95da,14,1,496.4,1,8.11,PWPX0982761090995,Cinnamon Toast Crunch,Supermarket,Supermarket,8.11,1,1,Very Low ($0-10)
3359775f-1720-4399-9758-5bd2e9228058,10,1,131.35,1,15.28,PWPX0982761091092,Basil Pesto,Supermarket,Supermarket,15.28,1,1,Low ($10-25)
25608d26-c2cf-4de8-8799-3b6cdbf32899,7,1,234.81,1,8.75,PWPX0982761091065,Avocado Oil,Supermarket,Supermarket,8.75,1,1,Very Low ($0-10)
af29ca1a-e6ce-46ec-8631-d7cb6fb21683,12,1,461.61,1,19.32,PWPX0982761090994,Peanut Butter,Supermarket,Supermarket,19.32,1,1,Low ($10-25)
7f4715ef-811e-40e7-ae1a-726310e60d71,12,1,373.03,1,11.26,PWPX0982761091068,Frozen Broccoli,Supermarket,Supermarket,11.26,1,1,Low ($10-25)
e8df9f51-e912-4481-b82f-ad29288720a2,17,1,330.78,1,482.13,PWPX0982761091111,HP Envy Printer,Electronics,Electronics,482.13,1,1,Premium ($300+)
a7c77cd7-8961-40b5-ad44-97908dd71ab9,10,2,384.0,1,6.97,PWPX0982761091058,Frozen Chicken Nuggets,Supermarket,Supermarket,4.81,1,1,Very Low ($0-10)
a0b4204e-0d62-431e-8e28-664b98230c16,17,1,426.25,1,7.75,PWPX0982761091090,Macaroni,Supermarket,Supermarket,7.75,1,1,Very Low ($0-10)
2457959c-b4c4-4735-9847-ad01a381af17,19,1,385.05,1,4.51,PWPX0982761091008,Oranges,Supermarket,Supermarket,4.51,1,1,Very Low ($0-10)
5551d039-332b-4b00-becc-3086d879a9ef,4,1,476.72,1,10.8,PWPX0982761091060,Ramen,Supermarket,Supermarket,10.8,1,1,Low ($10-25)
72a57b88-f7c6-4ad7-88b3-69fcc812568e,2,1,145.8,1,10.16,PWPX0982761091050,Rice Pudding,Supermarket,Supermarket,10.16,1,1,Low ($10-25)
3572f602-7760-4b1e-b303-5b077609a206,12,1,53.6,1,18.45,PWPX0982761091007,Apples,Supermarket,Supermarket,18.45,1,1,Low ($10-25)
9a9a8d89-2d27-4c0f-af31-972db7fc7c8e,16,1,334.26,1,10.57,PWPX0982761091034,Eggs,Supermarket,Supermarket,10.57,1,1,Low ($10-25)
19cfffc4-e8d6-4d10-9013-3195841b83a5,5,1,377.11,1,4.71,PWPX0982761091078,Frozen Shrimp,Supermarket,Supermarket,4.71,1,1,Very Low ($0-10)
8b449bd3-8f3e-4939-a63d-efcf2cd3e287,11,1,425.55,1,17.79,PWPX0982761091005,Ketchup,Supermarket,Supermarket,17.79,1,1,Low ($10-25)
3a0c2b6b-e717-4d08-86aa-11ba4184496c,3,1,502.44,1,7.3,PWPX0982761091011,Avocado,Supermarket,Supermarket,7.3,1,1,Very Low ($0-10)
6ee66be6-42cc-4918-b4e6-88d1e624970e,7,1,90.72,1,12.47,PWPX0982761090987,Cheddar Cheese,Supermarket,Supermarket,12.47,1,1,Low ($10-25)
0b13900b-fd0f-4e4e-a853-4d86dc62f715,18,1,846.28,1,6.94,PWPX0982761091038,Beef Patties,Supermarket,Supermarket,6.94,1,1,Very Low ($0-10)
70964f50-0041-4384-adaf-d5286d07bf3c,9,1,417.93,1,13.83,PWPX0982761091042,Shredded Carrots,Supermarket,Supermarket,13.83,1,1,Low ($10-25)
318e93d0-dbcf-4587-8204-413a3eccbacd,15,1,76.03,1,6.56,PWPX0982761091013,Rice Cakes,Supermarket,Supermarket,6.56,1,1,Very Low ($0-10)
f7be5898-c50f-4c0b-b760-7768d6280a58,7,1,298.39,1,12.47,PWPX0982761090987,Cheddar Cheese,Supermarket,Supermarket,12.47,1,1,Low ($10-25)
b07c2a8c-423b-434a-b70d-c87cef21ea54,11,1,485.74,1,18.6,PWPX0982761090992,Canned Tuna,Supermarket,Supermarket,18.6,1,1,Low ($10-25)
3dc70c16-c801-4b72-9322-7732008924b5,3,1,95.91,1,10.44,PWPX0982761091084,Pancetta,Supermarket,Supermarket,10.44,1,1,Low ($10-25)
048e9238-011c-4908-9eb9-3f8d06ad4eff,3,1,1015.26,1,18.81,PWPX0982761091064,Red Onions,Supermarket,Supermarket,18.81,1,1,Low ($10-25)
ab7b4e84-fd36-4033-9b12-f4c3c633d1a6,6,1,224.68,1,13.28,PWPX0982761090993,Ground Coffee,Supermarket,Supermarket,13.28,1,1,Low ($10-25)
6a04ce5e-4c83-4779-ae4a-d62cbae21104,19,1,101.33,1,10.44,PWPX0982761091084,Pancetta,Supermarket,Supermarket,10.44,1,1,Low ($10-25)
d0e52d2a-6f08-4925-8dc5-bea2634da4bb,11,1,146.26,1,307.07,PWPX0982761091123,JBL Flip Speaker,Electronics,Electronics,307.07,1,1,Premium ($300+)
b7ced342-402e-4ca5-933a-8d9ff0dda63a,15,1,264.18,1,6.1,PWPX0982761091046,Orange Juice,Supermarket,Supermarket,6.1,1,1,Very Low ($0-10)
3cd9269f-42f0-4b5d-8a61-5ba985d9be24,17,1,255.54,1,225.68,PWPX0982761091098,Logitech Mouse,Electronics,Electronics,225.68,1,1,Very High ($100-300)
5e645ee1-1e19-465c-8901-2f5cb0a2e6a8,4,1,360.61,1,4.38,PWPX0982761090998,Broccoli,Supermarket,Supermarket,4.38,1,1,Very Low ($0-10)
d3442001-2d97-4d1c-9abe-81f83f441972,6,1,204.53,1,6.22,PWPX0982761091025,Trail Mix,Supermarket,Supermarket,6.22,1,1,Very Low ($0-10)
2eb7aaa8-f3c4-4571-891b-b569a2cbbb40,14,1,211.41,1,13.27,PWPX0982761091069,Ground Beef,Supermarket,Supermarket,13.27,1,1,Low ($10-25)
8a8c6dd7-e41d-4fb4-8360-352594b80fa0,11,1,345.84,1,15.09,PWPX0982761091001,Frozen Pizza,Supermarket,Supermarket,15.09,1,1,Low ($10-25)
babe85c8-3680-4809-9312-24507904042f,3,1,492.83,1,13.83,PWPX0982761091042,Shredded Carrots,Supermarket,Supermarket,13.83,1,1,Low ($10-25)
b39171e3-2241-42ac-a8fe-c8058520f9f5,13,1,930.81,1,180.2,PWPX0982761091120,Apple iPhone 13 Pro,Electronics,Electronics,180.2,1,1,Very High ($100-300)
4d6bfd2c-6985-4e16-b88d-efa9990fcaf2,12,1,495.19,1,585.52,PWPX0982761091101,Bose QuietComfort Earbuds,Electronics,Electronics,585.52,1,1,Premium ($300+)
d5d75b90-d75c-47c5-a8e5-051ea7e88a4c,16,1,386.88,1,13.74,PWPX0982761091080,Spices Assortment,Supermarket,Supermarket,13.74,1,1,Low ($10-25)
4e7413d2-e561-40aa-80ee-9a11f5d8043e,3,1,210.1,1,19.8,PWPX0982761091062,Bread Crumbs,Supermarket,Supermarket,19.8,1,1,Low ($10-25)
cc6471af-f621-42a3-b8a9-2b0e634f0e58,15,1,444.44,1,7.92,PWPX0982761091012,Hummus,Supermarket,Supermarket,7.92,1,1,Very Low ($0-10)
a0371054-33f4-4a05-8595-0fa8ca9a5a3a,17,2,446.51,1,26.71,PWPX0982761091056,Salted Butter,Supermarket,Supermarket,9.89,1,1,Very Low ($0-10)
4c1a803c-50ae-4936-9193-3341d2493e48,4,1,129.47,1,16.67,PWPX0982761091052,Baby Spinach,Supermarket,Supermarket,16.67,1,1,Low ($10-25)
38f430c3-eeee-4b29-bdcf-483bb6156c01,15,1,185.86,1,16.2,PWPX0982761091021,Pasta,Supermarket,Supermarket,16.2,1,1,Low ($10-25)
ce6e3a07-841d-4f91-a4f5-bd2dc1e6b224,6,1,39.27,1,300.54,PWPX0982761091119,Dyson V11 Vacuum,Electronics,Electronics,300.54,1,1,Premium ($300+)
e000e547-e6f0-42a4-84fe-e901698b27f5,17,1,511.69,1,424.82,PWPX0982761091100,Apple MacBook Pro,Electronics,Electronics,424.82,1,1,Premium ($300+)
5675f2e5-6e29-4913-a20a-ada19fcd4c3b,6,1,171.5,1,6.1,PWPX0982761091046,Orange Juice,Supermarket,Supermarket,6.1,1,1,Very Low ($0-10)
80cd15be-de79-458e-b50b-70e425e419c8,8,1,218.05,1,12.71,PWPX0982761091010,Italian Sausage,Supermarket,Supermarket,12.71,1,1,Low ($10-25)
3bf4eaa6-1c5d-4af3-9692-ad57a9214e16,9,1,657.38,1,19.38,PWPX0982761091039,Chicken Wings,Supermarket,Supermarket,19.38,1,1,Low ($10-25)
58c3984b-62f4-430d-81cc-ea662641b515,11,1,213.12,1,12.44,PWPX0982761091096,Cooking Spray,Supermarket,Supermarket,12.44,1,1,Low ($10-25)
64c6d49f-9052-4c65-9909-13a8b65bd487,16,1,459.33,1,12.47,PWPX0982761090987,Cheddar Cheese,Supermarket,Supermarket,12.47,1,1,Low ($10-25)
f0a5eae6-78dd-4dbc-bf18-cf10321c1487,9,2,402.64,1,22.689999999999998,PWPX0982761091029,Garlic,Supermarket,Supermarket,12.53,1,1,Low ($10-25)
68034ced-318e-49f7-82d7-d2b85f20fb95,16,1,253.36,1,6.1,PWPX0982761091046,Orange Juice,Supermarket,Supermarket,6.1,1,1,Very Low ($0-10)
c8538797-ce59-4503-95a8-c0d1664c532e,13,1,253.49,1,9.29,PWPX0982761091087,Pumpkin Puree,Supermarket,Supermarket,9.29,1,1,Very Low ($0-10)
cc95f13b-b957-4f83-86e5-b8e7835b23be,5,1,458.99,1,16.42,PWPX0982761091061,Cheese Sticks,Supermarket,Supermarket,16.42,1,1,Low ($10-25)
dcec4d02-5c9c-4071-88a8-471673304d19,18,1,367.95,1,15.89,PWPX0982761091051,Frozen Berries,Supermarket,Supermarket,15.89,1,1,Low ($10-25)
be8763f3-ff4c-484f-802f-10f8c608d8c1,3,1,293.09,1,17.21,PWPX0982761091017,Salmon Filets,Supermarket,Supermarket,17.21,1,1,Low ($10-25)
969de379-4e7e-4902-b35b-d2dc6a4c344b,5,1,307.45,1,16.69,PWPX0982761091045,Whole Wheat Tortillas,Supermarket,Supermarket,16.69,1,1,Low ($10-25)
f5f3c1b9-8fd4-440f-96c4-c2beee42c918,10,1,459.93,1,13.27,PWPX0982761091069,Ground Beef,Supermarket,Supermarket,13.27,1,1,Low ($10-25)
c6fbfbf3-6905-4b2d-876d-6010ac866110,17,1,210.4,1,9.95,PWPX0982761090984,Whole Milk,Supermarket,Supermarket,9.95,1,1,Very Low ($0-10)
04525955-1b32-4fe4-9c33-4acefdc2187a,5,1,152.25,1,246.7,PWPX0982761091114,Sony WH-1000XM4 Headphones,Electronics,Electronics,246.7,1,1,Very High ($100-300)
15b87e18-e7b9-446b-ba1e-0dde4cc7f2ac,2,1,1257.34,1,10.47,PWPX0982761091071,Oyster Sauce,Supermarket,Supermarket,10.47,1,1,Low ($10-25)
20fa6b01-c7c0-44f4-b365-b613ba999ff0,1,1,26.47,1,3.48,PWPX0982761091048,Flour,Supermarket,Supermarket,3.48,1,1,Very Low ($0-10)
03492705-54a3-4768-94c7-fd57abcfcc2f,7,1,112.05,1,4.71,PWPX0982761091078,Frozen Shrimp,Supermarket,Supermarket,4.71,1,1,Very Low ($0-10)
194e48e5-857e-4aa0-8674-9d485ac0a66f,7,1,462.42,1,5.93,PWPX0982761090997,Chicken Breast,Supermarket,Supermarket,5.93,1,1,Very Low ($0-10)
5205e174-3f85-485d-91e3-5dae900113ec,19,1,292.95,1,12.01,PWPX0982761091037,Almond Butter,Supermarket,Supermarket,12.01,1,1,Low ($10-25)
4e45660d-45cb-417d-87d9-92e3e5b3f460,4,2,22.86,1,16.58,PWPX0982761091004,Instant Noodles,Supermarket,Supermarket,5.8,1,1,Very Low ($0-10)
7e3a01d6-e932-4856-94a8-2e2c6d939e45,4,1,897.64,1,12.53,PWPX0982761091029,Garlic,Supermarket,Supermarket,12.53,1,1,Low ($10-25)
f8e544d1-d2ee-45ad-93d4-50b4b9ba9b76,17,1,387.32,1,7.29,PWPX0982761091030,Ice Cream,Supermarket,Supermarket,7.29,1,1,Very Low ($0-10)
557324d3-4914-4267-8807-3a5ae3d2d127,3,1,1189.67,1,808.21,PWPX0982761091104,Canon EOS Rebel Camera,Electronics,Electronics,808.21,1,1,Premium ($300+)
000e50be-92e8-46dc-9ff8-91a955b47ab7,16,1,413.06,1,6.48,PWPX0982761091093,Chocolate Milk,Supermarket,Supermarket,6.48,1,1,Very Low ($0-10)
44823804-4ecc-4bfb-9c1a-5f3a5c71e922,5,1,475.04,1,5.92,PWPX0982761091059,Organic Baby Carrots,Supermarket,Supermarket,5.92,1,1,Very Low ($0-10)
170d9b9f-9508-4690-be8b-d0a4717b2824,3,1,1068.41,1,14.67,PWPX0982761091085,Red Grapes,Supermarket,Supermarket,14.67,1,1,Low ($10-25)
9a7156c1-e79d-4354-b2ee-8b7cab49c085,11,1,70.57,1,9.95,PWPX0982761090984,Whole Milk,Supermarket,Supermarket,9.95,1,1,Very Low ($0-10)
bf06da71-3cf9-412e-a782-0525b00d85a8,10,2,124.22,1,27.58,PWPX0982761091074,Frozen Corn,Supermarket,Supermarket,7.81,1,1,Very Low ($0-10)
1c35023e-2f80-4d77-8c75-e44e4a37bb1b,9,1,1161.17,1,783.07,PWPX0982761091099,Samsung Galaxy S21,Electronics,Electronics,783.07,1,1,Premium ($300+)
9ec1f6d6-a99d-483e-8ddd-4534b8831c9b,4,1,322.96,1,9.87,PWPX0982761091047,Pickles,Supermarket,Supermarket,9.87,1,1,Very Low ($0-10)
c534633c-cdec-481d-a2a1-8112a9d67aef,4,1,54.71,1,482.13,PWPX0982761091111,HP Envy Printer,Electronics,Electronics,482.13,1,1,Premium ($300+)
0332e806-5776-476f-8221-2e7b9df3c459,11,1,47.98,1,246.7,PWPX0982761091114,Sony WH-1000XM4 Headphones,Electronics,Electronics,246.7,1,1,Very High ($100-300)
5f9d6b18-393c-495e-bdf2-b22642da1620,18,1,221.5,1,3.48,PWPX0982761091048,Flour,Supermarket,Supermarket,3.48,1,1,Very Low ($0-10)
18fd85f2-daf6-462e-938f-d44baf0e91a3,6,1,126.06,1,17.09,PWPX0982761091086,Frozen Mozzarella,Supermarket,Supermarket,17.09,1,1,Low ($10-25)
89f26563-aa17-4426-a2f3-8f48d049678c,13,1,441.85,1,11.83,PWPX0982761091055,Salsa,Supermarket,Supermarket,11.83,1,1,Low ($10-25)
70c6d8f1-57bf-4065-8059-e4f036896fee,18,1,318.25,1,8.68,PWPX0982761091019,Maple Syrup,Supermarket,Supermarket,8.68,1,1,Very Low ($0-10)
06c74ff9-044a-4e95-a76e-324ccb86a255,9,1,485.09,1,19.32,PWPX0982761090994,Peanut Butter,Supermarket,Supermarket,19.32,1,1,Low ($10-25)
a2e7c30f-5929-4f9d-98d6-cbb74ed21679,5,1,292.72,1,187.4,PWPX0982761091126,Panasonic Lumix Camera,Electronics,Electronics,187.4,1,1,Very High ($100-300)
0db29995-1def-4586-aaa6-d63fe55251f5,3,1,348.68,1,11.13,PWPX0982761091057,String Cheese,Supermarket,Supermarket,11.13,1,1,Low ($10-25)
dd219798-157f-4554-969e-d0a3ac630ed0,10,1,437.24,1,808.21,PWPX0982761091104,Canon EOS Rebel Camera,Electronics,Electronics,808.21,1,1,Premium ($300+)
7dd6e27c-7906-474d-91a0-45afd27f70d9,11,1,332.31,1,310.88,PWPX0982761091118,Fitbit Charge 5,Electronics,Electronics,310.88,1,1,Premium ($300+)
7d3918da-2e8a-4407-845d-b74932a39b40,5,1,377.92,1,4.43,PWPX0982761091015,Bell Peppers,Supermarket,Supermarket,4.43,1,1,Very Low ($0-10)
0fb8d746-5d34-4475-b20e-d192a65216b7,10,1,379.02,1,12.47,PWPX0982761090987,Cheddar Cheese,Supermarket,Supermarket,12.47,1,1,Low ($10-25)
21bb00ad-b934-41b5-a7db-44824f38ca9f,2,1,128.08,1,13.27,PWPX0982761091069,Ground Beef,Supermarket,Supermarket,13.27,1,1,Low ($10-25)
15cb9032-3e67-45dc-8934-b5195ec12154,19,2,288.17,1,12.32,PWPX0982761091025,Trail Mix,Supermarket,Supermarket,6.22,1,1,Very Low ($0-10)
0bb81e46-72d0-414d-bf80-4db32e4ec7bd,5,1,370.35,1,12.53,PWPX0982761090982,Kellogg's Frosties,Supermarket,Supermarket,12.53,1,1,Low ($10-25)
e8c94ed2-d7e7-4eb6-8a4f-6f828cc02607,12,1,401.71,1,6.94,PWPX0982761091038,Beef Patties,Supermarket,Supermarket,6.94,1,1,Very Low ($0-10)
a14b032c-1881-4256-8a47-cd2c4c9fdb49,10,1,281.4,1,12.44,PWPX0982761091096,Cooking Spray,Supermarket,Supermarket,12.44,1,1,Low ($10-25)
d713832b-671e-46a4-919e-315a08b28f13,18,1,476.15,1,2.16,PWPX0982761091081,Vegetable Stock,Supermarket,Supermarket,2.16,1,1,Very Low ($0-10)
2f3cbcbf-ee5e-4c3f-b7a9-6aaa2635b1fb,17,1,311.73,1,5.93,PWPX0982761090997,Chicken Breast,Supermarket,Supermarket,5.93,1,1,Very Low ($0-10)
8388eaa4-54c9-4ec6-b5cf-7a37f62f13a0,7,1,128.63,1,9.29,PWPX0982761091087,Pumpkin Puree,Supermarket,Supermarket,9.29,1,1,Very Low ($0-10)
b0a31709-0fc4-46cf-b488-01cb2c483233,18,1,431.66,1,579.0,PWPX0982761091112,Apple Watch Series 6,Electronics,Electronics,579.0,1,1,Premium ($300+)
f842c4aa-ea26-4544-92f6-69a16688349f,17,1,479.07,1,19.8,PWPX0982761091062,Bread Crumbs,Supermarket,Supermarket,19.8,1,1,Low ($10-25)
e03e1b37-8306-4ac1-853b-f209585eb8a5,17,1,202.27,1,13.22,PWPX0982761091003,Sliced Turkey,Supermarket,Supermarket,13.22,1,1,Low ($10-25)
790674d1-1202-4cd0-8bc0-0e3db0dc66b0,4,1,879.63,1,7.92,PWPX0982761091012,Hummus,Supermarket,Supermarket,7.92,1,1,Very Low ($0-10)
be4355e4-8e68-40db-949d-4b71488e8d79,10,1,996.78,1,15.49,PWPX0982761091044,Protein Bars,Supermarket,Supermarket,15.49,1,1,Low ($10-25)
58533fea-1b75-489e-96a1-997f4a26ed68,16,1,126.89,1,7.95,PWPX0982761091041,Mustard,Supermarket,Supermarket,7.95,1,1,Very Low ($0-10)
60ba7c53-673c-4c2b-9043-ff3d375d899e,16,1,255.72,1,497.46,PWPX0982761091105,Microsoft Surface Pro,Electronics,Electronics,497.46,1,1,Premium ($300+)
04b1c69f-be74-43c2-8f5f-547d8c760263,11,1,426.04,1,424.82,PWPX0982761091100,Apple MacBook Pro,Electronics,Electronics,424.82,1,1,Premium ($300+)
a272e8d1-407c-4106-b99d-7a116c052c59,18,2,62.33,1,28.11,PWPX0982761091063,Sweet Potatoes,Supermarket,Supermarket,11.02,1,1,Low ($10-25)
7cc6a960-b9dc-47d2-97f4-09f3e9a0d10d,10,1,60.05,1,528.96,PWPX0982761091124,Nest Thermostat,Electronics,Electronics,528.96,1,1,Premium ($300+)
401cd132-e006-45a7-b3fa-2ab2e69f5a40,19,1,411.44,1,7.82,PWPX0982761090989,Tomato Soup,Supermarket,Supermarket,7.82,1,1,Very Low ($0-10)
dbb020e6-16d8-408a-b2b4-07ea70e965bc,2,1,201.26,1,17.21,PWPX0982761091017,Salmon Filets,Supermarket,Supermarket,17.21,1,1,Low ($10-25)
5fd23ae1-fc8b-4e38-a5ee-560615dd02fc,6,1,480.0,1,9.89,PWPX0982761091056,Salted Butter,Supermarket,Supermarket,9.89,1,1,Very Low ($0-10)
d1d26b24-5433-4d5f-840f-137243494365,2,1,60.47,1,2.16,PWPX0982761091081,Vegetable Stock,Supermarket,Supermarket,2.16,1,1,Very Low ($0-10)
172e57d3-77aa-4fc9-a3fb-027862682db6,19,1,99.37,1,9.87,PWPX0982761091047,Pickles,Supermarket,Supermarket,9.87,1,1,Very Low ($0-10)
961d3b1a-92ef-4ce7-8654-22e0a9d15c4f,13,1,288.29,1,6.1,PWPX0982761091046,Orange Juice,Supermarket,Supermarket,6.1,1,1,Very Low ($0-10)
bfae6332-ec98-4021-8f78-887c5ab43e44,9,1,173.27,1,15.69,PWPX0982761091076,Chicken Thighs,Supermarket,Supermarket,15.69,1,1,Low ($10-25)
5060c0eb-2724-414f-a9a9-59d8ccbe3f26,12,1,233.21,1,808.21,PWPX0982761091104,Canon EOS Rebel Camera,Electronics,Electronics,808.21,1,1,Premium ($300+)
411ab0f9-fe3b-4d4c-a07f-a95a1ada50c3,19,1,458.35,1,528.96,PWPX0982761091124,Nest Thermostat,Electronics,Electronics,528.96,1,1,Premium ($300+)
3e98235a-308a-431d-9b27-77d13bda743c,6,1,68.89,1,16.82,PWPX0982761091079,Canned Chickpeas,Supermarket,Supermarket,16.82,1,1,Low ($10-25)
65f3ccb8-6412-40ed-a619-ad26a7b6f452,18,2,443.37,1,19.369999999999997,PWPX0982761090995,Cinnamon Toast Crunch,Supermarket,Supermarket,8.11,1,1,Very Low ($0-10)
e8024dfe-9f61-41d5-877b-534bebd39422,8,1,27.7,1,8.21,PWPX0982761091083,Chia Seeds,Supermarket,Supermarket,8.21,1,1,Very Low ($0-10)
4c29d69f-dd15-4d2d-8396-4fb2ec3e5767,3,1,195.99,1,185.97,PWPX0982761091107,Apple iPad Air,Electronics,Electronics,185.97,1,1,Very High ($100-300)
d3a9aaa4-0707-4ec7-952e-dc5513a8b13a,16,2,247.74,1,15.14,PWPX0982761091071,Oyster Sauce,Supermarket,Supermarket,10.47,1,1,Low ($10-25)
d2007bf2-b210-4bbb-983c-d0e29ecca569,18,1,249.8,1,16.42,PWPX0982761091061,Cheese Sticks,Supermarket,Supermarket,16.42,1,1,Low ($10-25)
41c1fb07-60c6-485b-ac64-72356bdd1d85,13,1,93.03,1,185.97,PWPX0982761091107,Apple iPad Air,Electronics,Electronics,185.97,1,1,Very High ($100-300)
5261b6aa-e235-4e72-b2ad-11c6396c7127,14,1,151.63,1,579.0,PWPX0982761091112,Apple Watch Series 6,Electronics,Electronics,579.0,1,1,Premium ($300+)
3bca3d7e-488c-45aa-978c-4b5a40f072f7,6,1,478.41,1,13.28,PWPX0982761090993,Ground Coffee,Supermarket,Supermarket,13.28,1,1,Low ($10-25)
b72adc4f-5754-4a4d-b8c4-07bd3e1326f0,9,1,376.82,1,13.27,PWPX0982761091069,Ground Beef,Supermarket,Supermarket,13.27,1,1,Low ($10-25)
150edfc8-eff6-4510-9a7a-9f9444b4970e,19,1,271.71,1,4.71,PWPX0982761091078,Frozen Shrimp,Supermarket,Supermarket,4.71,1,1,Very Low ($0-10)
2870294f-cbeb-4f34-959d-8536037d1e8d,16,1,423.12,1,5.93,PWPX0982761090997,Chicken Breast,Supermarket,Supermarket,5.93,1,1,Very Low ($0-10)
651b7141-e075-4b08-b85c-5c072ecf29a0,7,1,561.18,1,4.71,PWPX0982761091078,Frozen Shrimp,Supermarket,Supermarket,4.71,1,1,Very Low ($0-10)
fc6bbc2b-8311-4d9e-8a1d-be82c64e31dd,9,1,66.12,1,15.69,PWPX0982761091076,Chicken Thighs,Supermarket,Supermarket,15.69,1,1,Low ($10-25)
3a471f97-58bf-4325-ad69-20ed5281d3ad,16,1,472.34,1,5.93,PWPX0982761090997,Chicken Breast,Supermarket,Supermarket,5.93,1,1,Very Low ($0-10)
097b9903-bd99-4a50-9629-99027d245868,5,1,322.98,1,15.09,PWPX0982761091001,Frozen Pizza,Supermarket,Supermarket,15.09,1,1,Low ($10-25)
12df1d1c-14a2-41d8-9e23-4e65fba09880,9,1,466.97,1,13.74,PWPX0982761091080,Spices Assortment,Supermarket,Supermarket,13.74,1,1,Low ($10-25)
459dd882-c507-4d03-927f-2bf9709da8e4,18,1,45.81,1,477.29,PWPX0982761091103,Amazon Echo Dot,Electronics,Electronics,477.29,1,1,Premium ($300+)
02956bd3-91d2-40e0-a67f-314a8e41f02a,2,1,318.85,1,6.48,PWPX0982761091093,Chocolate Milk,Supermarket,Supermarket,6.48,1,1,Very Low ($0-10)
b48136a6-d76c-4706-af94-f76fb8524790,19,1,492.23,1,18.25,PWPX0982761091053,Cottage Cheese,Supermarket,Supermarket,18.25,1,1,Low ($10-25)
b460528f-a51b-49a2-880e-aa5428415a29,1,1,324.06,1,16.28,PWPX0982761091022,Shredded Cheese,Supermarket,Supermarket,16.28,1,1,Low ($10-25)
86f8fed1-854e-4c19-8919-9b455c086e33,1,1,65.73,1,17.09,PWPX0982761091086,Frozen Mozzarella,Supermarket,Supermarket,17.09,1,1,Low ($10-25)
b1b447a3-b76e-4cc6-8140-887f72803bb8,15,2,132.89,1,58.739999999999995,PWPX0982761090996,Oat Milk,Supermarket,Supermarket,19.58,1,1,Low ($10-25)
df85ebb6-2f60-477a-9f41-0c50226bde34,11,1,419.89,1,6.48,PWPX0982761091093,Chocolate Milk,Supermarket,Supermarket,6.48,1,1,Very Low ($0-10)
9c9eb413-05f4-43c9-ba0f-44c6a6762f36,14,1,319.46,1,15.49,PWPX0982761091044,Protein Bars,Supermarket,Supermarket,15.49,1,1,Low ($10-25)
0b039f6d-093b-4f08-9ac4-1677d231cbb2,5,1,284.78,1,10.78,PWPX0982761091024,Chocolate Chip Cookies,Supermarket,Supermarket,10.78,1,1,Low ($10-25)
24c0edb0-b398-4ad1-a576-79874522cd89,6,1,335.41,1,13.83,PWPX0982761091042,Shredded Carrots,Supermarket,Supermarket,13.83,1,1,Low ($10-25)
b43db8a1-014f-4e78-badc-652ad498e8a6,9,1,451.81,1,7.29,PWPX0982761091030,Ice Cream,Supermarket,Supermarket,7.29,1,1,Very Low ($0-10)
bc65ecca-6d95-442b-9cbe-62c0eb74bb02,19,1,172.76,1,17.78,PWPX0982761091033,Pancake Mix,Supermarket,Supermarket,17.78,1,1,Low ($10-25)
55f027b9-52c6-441b-9031-1090de6d38f4,11,1,465.58,1,6.09,PWPX0982761091032,Olive Oil,Supermarket,Supermarket,6.09,1,1,Very Low ($0-10)
1516cc6b-10cc-4f5d-b679-6b3d84552f02,7,1,251.95,1,18.35,PWPX0982761091028,Spaghetti,Supermarket,Supermarket,18.35,1,1,Low ($10-25)
64d20d42-75b2-4c1d-9c5e-caa8e8389de8,16,1,264.68,1,15.69,PWPX0982761091076,Chicken Thighs,Supermarket,Supermarket,15.69,1,1,Low ($10-25)
40e46580-6302-439c-bcf9-8142b10a2002,15,1,198.36,1,5.8,PWPX0982761091004,Instant Noodles,Supermarket,Supermarket,5.8,1,1,Very Low ($0-10)
b8364c7a-c2cf-4e39-906d-3b108c892d60,6,1,363.49,1,13.22,PWPX0982761091003,Sliced Turkey,Supermarket,Supermarket,13.22,1,1,Low ($10-25)
47092d24-1fd1-42cf-bb9a-3f47b2c42906,1,1,357.64,1,8.23,PWPX0982761091002,Granola Bars,Supermarket,Supermarket,8.23,1,1,Very Low ($0-10)
e4ca34b9-e5fa-46ee-a609-7bcf5f47d270,15,1,420.99,1,12.44,PWPX0982761091096,Cooking Spray,Supermarket,Supermarket,12.44,1,1,Low ($10-25)
b4b9bf71-84b4-4994-9527-ba4c3b17700f,1,1,337.6,1,13.22,PWPX0982761091003,Sliced Turkey,Supermarket,Supermarket,13.22,1,1,Low ($10-25)
87bfadf7-895e-4609-8544-55ae298d3c5e,4,1,1139.21,1,5.93,PWPX0982761090997,Chicken Breast,Supermarket,Supermarket,5.93,1,1,Very Low ($0-10)
e7051c67-9331-443a-b623-13d58daff2e0,5,1,154.97,1,647.73,PWPX0982761091106,NVIDIA GeForce RTX 3060,Electronics,Electronics,647.73,1,1,Premium ($300+)
94320397-c48c-45cb-8c11-ff68b85be303,18,1,264.81,1,4.51,PWPX0982761091008,Oranges,Supermarket,Supermarket,4.51,1,1,Very Low ($0-10)
403b6b92-718b-4733-9ea4-d23a0d6b7ba5,2,1,416.34,1,4.71,PWPX0982761091078,Frozen Shrimp,Supermarket,Supermarket,4.71,1,1,Very Low ($0-10)
206324cc-cfea-4562-920e-d8a4c3dc0fa5,4,1,376.96,1,3.85,PWPX0982761091014,Whole Wheat Bread,Supermarket,Supermarket,3.85,1,1,Very Low ($0-10)
95253238-e572-4aec-aa0c-8234e86b0735,14,1,36.91,1,647.73,PWPX0982761091106,NVIDIA GeForce RTX 3060,Electronics,Electronics,647.73,1,1,Premium ($300+)
048982dc-4eaa-44de-b1ff-4682c09f3fb0,6,1,319.98,1,6.56,PWPX0982761091013,Rice Cakes,Supermarket,Supermarket,6.56,1,1,Very Low ($0-10)
a199e31b-4588-4b97-9a60-f05ac828fd9f,18,1,78.14,1,196.72,PWPX0982761091108,Dell XPS 13,Electronics,Electronics,196.72,1,1,Very High ($100-300)
c1c7eb67-8c3a-4315-8993-4b8eede0ced9,8,1,130.64,1,11.69,PWPX0982761091066,Frozen French Fries,Supermarket,Supermarket,11.69,1,1,Low ($10-25)
94df32e8-bc8c-41aa-9ae2-123aa90a7213,12,2,226.75,1,32.72,PWPX0982761091040,Hot Dog Buns,Supermarket,Supermarket,16.3,1,1,Low ($10-25)
2725b15d-db42-452a-ab20-1c798237e894,11,1,30.55,1,18.01,PWPX0982761090988,Greek Yogurt,Supermarket,Supermarket,18.01,1,1,Low ($10-25)
850a1e4e-2143-4585-84af-f7bcfc0843ea,10,1,65.2,1,225.68,PWPX0982761091098,Logitech Mouse,Electronics,Electronics,225.68,1,1,Very High ($100-300)
b02b490b-2d65-467e-a1c5-aaf74a7761b5,8,1,463.24,1,3.94,PWPX0982761090985,Organic Bananas,Supermarket,Supermarket,3.94,1,1,Very Low ($0-10)
b568dee7-8f5c-47d1-975c-8297c41b6df2,15,2,473.39,1,23.23,PWPX0982761091018,Butter,Supermarket,Supermarket,3.85,1,1,Very Low ($0-10)
12ee9e43-17a7-40b9-b3a1-2e1890563a87,6,1,293.99,1,300.54,PWPX0982761091119,Dyson V11 Vacuum,Electronics,Electronics,300.54,1,1,Premium ($300+)
e70b34af-273e-495d-aba3-748890d2f94f,14,1,436.86,1,196.72,PWPX0982761091108,Dell XPS 13,Electronics,Electronics,196.72,1,1,Very High ($100-300)
3821cab0-ff6a-47d2-b727-fba8a864968e,5,1,905.81,1,4.67,PWPX0982761090983,Uncured Bacon,Supermarket,Supermarket,4.67,1,1,Very Low ($0-10)
c1d785b3-9140-4fc7-a480-c8a76b0d890a,18,1,36.74,1,11.02,PWPX0982761091063,Sweet Potatoes,Supermarket,Supermarket,11.02,1,1,Low ($10-25)
c7a343f7-3f1d-497c-8004-b9ede2d48fb1,14,3,634.57,1,37.589999999999996,PWPX0982761090982,Kellogg's Frosties,Supermarket,Supermarket,12.53,1,1,Low ($10-25)
74e14926-abe6-4d65-a447-7c8236bb30da,12,2,243.04,1,21.82,PWPX0982761091076,Chicken Thighs,Supermarket,Supermarket,15.69,1,1,Low ($10-25)
80791d6d-a56e-425d-a177-dc371660c9e2,3,1,33.89,1,15.69,PWPX0982761091076,Chicken Thighs,Supermarket,Supermarket,15.69,1,1,Low ($10-25)
1491253d-b3f5-4c53-bb8a-b50d25e6f8c6,16,1,465.83,1,7.95,PWPX0982761091041,Mustard,Supermarket,Supermarket,7.95,1,1,Very Low ($0-10)
45c50333-5e7d-4213-8394-525f6597ea58,5,1,46.64,1,8.11,PWPX0982761090995,Cinnamon Toast Crunch,Supermarket,Supermarket,8.11,1,1,Very Low ($0-10)
4507b761-e4b0-405e-bb37-2122de3cd728,5,1,250.71,1,19.77,PWPX0982761090986,Sourdough Bread,Supermarket,Supermarket,19.77,1,1,Low ($10-25)
5efe5991-8ba0-465d-8395-b1480cb756ff,5,1,297.29,1,2.16,PWPX0982761091081,Vegetable Stock,Supermarket,Supermarket,2.16,1,1,Very Low ($0-10)
85bbad9b-ebcf-41ca-8826-b39827fcd9d5,1,1,109.49,1,307.07,PWPX0982761091123,JBL Flip Speaker,Electronics,Electronics,307.07,1,1,Premium ($300+)
e177452f-cde6-487c-834b-7aec4306cb6e,10,1,347.53,1,10.08,PWPX0982761091089,Pita Bread,Supermarket,Supermarket,10.08,1,1,Low ($10-25)
99c801af-1123-4a02-8057-0fe3f47f0989,10,1,387.77,1,10.57,PWPX0982761091034,Eggs,Supermarket,Supermarket,10.57,1,1,Low ($10-25)
5bad4021-76ec-482b-98c5-856ea9f7526a,16,1,248.63,1,10.8,PWPX0982761091060,Ramen,Supermarket,Supermarket,10.8,1,1,Low ($10-25)
16d244b4-88b4-4f36-8412-3352e350edc9,14,1,408.23,1,19.58,PWPX0982761090996,Oat Milk,Supermarket,Supermarket,19.58,1,1,Low ($10-25)
0128f8c1-e422-46f0-a233-8e36445518f5,6,1,307.08,1,17.79,PWPX0982761091005,Ketchup,Supermarket,Supermarket,17.79,1,1,Low ($10-25)
03011ba7-3db3-457b-b767-4cb8b2d79be6,13,1,328.0,1,3.78,PWPX0982761091009,Beef Jerky,Supermarket,Supermarket,3.78,1,1,Very Low ($0-10)
d9afd154-9c2c-4693-ab9d-0bab7666f7d1,3,1,187.56,1,17.11,PWPX0982761090999,Brown Rice,Supermarket,Supermarket,17.11,1,1,Low ($10-25)
c388405e-bbb4-41f8-bf17-c060681c5d0c,14,1,735.37,1,6.56,PWPX0982761091013,Rice Cakes,Supermarket,Supermarket,6.56,1,1,Very Low ($0-10)
2c97b519-cd3e-405d-9f54-58c9b367da3a,4,1,206.71,1,17.78,PWPX0982761091033,Pancake Mix,Supermarket,Supermarket,17.78,1,1,Low ($10-25)
a520feba-e7a4-42fe-ba63-5dca42aec2f2,2,1,434.54,1,334.68,PWPX0982761091121,Asus ROG Gaming Laptop,Electronics,Electronics,334.68,1,1,Premium ($300+)
0adcfe46-55c5-4a56-b904-315005d61e68,15,1,479.29,1,5.93,PWPX0982761090997,Chicken Breast,Supermarket,Supermarket,5.93,1,1,Very Low ($0-10)
b423c20d-9957-498c-88dd-148037fb99ce,14,1,427.19,1,11.83,PWPX0982761091055,Salsa,Supermarket,Supermarket,11.83,1,1,Low ($10-25)
1270334a-7cfb-4e9d-ba90-778f8ab0e0af,18,1,498.31,1,18.35,PWPX0982761091028,Spaghetti,Supermarket,Supermarket,18.35,1,1,Low ($10-25)
249f331e-8a70-455f-a5f2-0c7da63a84de,10,1,976.15,1,12.01,PWPX0982761091037,Almond Butter,Supermarket,Supermarket,12.01,1,1,Low ($10-25)
c8b25f0b-093b-4727-9b77-7b630116d6ab,12,1,221.89,1,196.72,PWPX0982761091108,Dell XPS 13,Electronics,Electronics,196.72,1,1,Very High ($100-300)
d18f069d-809a-410e-9e70-61853664b442,3,1,370.71,1,16.2,PWPX0982761091021,Pasta,Supermarket,Supermarket,16.2,1,1,Low ($10-25)
26b3b675-f4da-4aba-888c-414e1f7c39ec,19,1,349.35,1,17.78,PWPX0982761091033,Pancake Mix,Supermarket,Supermarket,17.78,1,1,Low ($10-25)
468b188f-8d8c-4206-ba29-d32537b644f2,17,1,415.85,1,4.67,PWPX0982761090983,Uncured Bacon,Supermarket,Supermarket,4.67,1,1,Very Low ($0-10)
9a3427b9-bc00-4de4-9ee0-9371cd131919,16,1,41.87,1,7.3,PWPX0982761091011,Avocado,Supermarket,Supermarket,7.3,1,1,Very Low ($0-10)
6849cddf-6561-42cd-9041-08eda9099a3a,18,1,807.97,1,6.48,PWPX0982761091093,Chocolate Milk,Supermarket,Supermarket,6.48,1,1,Very Low ($0-10)
0a15ce37-c3b2-4a8f-940c-867e6c4d2de4,14,1,329.14,1,19.8,PWPX0982761091062,Bread Crumbs,Supermarket,Supermarket,19.8,1,1,Low ($10-25)
2a9901e5-5598-469c-82a9-338e11c9614a,19,1,421.36,1,11.53,PWPX0982761091067,Garlic Bread,Supermarket,Supermarket,11.53,1,1,Low ($10-25)
30811fc5-092f-4f25-9fc5-2ed7fe461072,1,1,352.36,1,180.2,PWPX0982761091120,Apple iPhone 13 Pro,Electronics,Electronics,180.2,1,1,Very High ($100-300)
f6364867-af05-4feb-ad56-069ff9d34e52,6,1,685.97,1,225.68,PWPX0982761091098,Logitech Mouse,Electronics,Electronics,225.68,1,1,Very High ($100-300)
0b1a02b7-2b8b-410e-b1ac-77bf8760c67d,4,1,452.21,1,11.08,PWPX0982761091020,Frozen Waffles,Supermarket,Supermarket,11.08,1,1,Low ($10-25)
ea34a2aa-6544-4573-8ab5-1247b98ec8c4,2,1,290.79,1,18.45,PWPX0982761091007,Apples,Supermarket,Supermarket,18.45,1,1,Low ($10-25)
ea18fb83-090f-472f-9173-89f8eac3326d,15,1,543.79,1,12.71,PWPX0982761091010,Italian Sausage,Supermarket,Supermarket,12.71,1,1,Low ($10-25)
b2360977-deb8-4aae-8285-497d81861780,5,1,674.8,1,11.02,PWPX0982761091063,Sweet Potatoes,Supermarket,Supermarket,11.02,1,1,Low ($10-25)
d36d942e-c837-4236-99a9-0fa6c1808fc4,6,1,288.15,1,908.87,PWPX0982761091109,GoPro Hero 9,Electronics,Electronics,908.87,1,1,Premium ($300+)
dc320d72-4a75-4f2e-b619-587ab1cfb285,16,1,202.41,1,6.09,PWPX0982761091032,Olive Oil,Supermarket,Supermarket,6.09,1,1,Very Low ($0-10)
87e97829-e944-48a4-8968-1e967719c76e,2,1,486.84,1,3.1,PWPX0982761091077,Frozen Mixed Berries,Supermarket,Supermarket,3.1,1,1,Very Low ($0-10)
74917393-4a81-4da9-aff1-0970bbb59ad8,12,1,332.39,1,10.44,PWPX0982761091084,Pancetta,Supermarket,Supermarket,10.44,1,1,Low ($10-25)
e93015fa-f1c8-43b0-9e6d-5551d534eed1,8,3,358.36,1,54.03,PWPX0982761090988,Greek Yogurt,Supermarket,Supermarket,18.01,1,1,Low ($10-25)
2081f784-7658-4bc2-a8d2-8bac0bca27d6,3,1,40.06,1,12.53,PWPX0982761090982,Kellogg's Frosties,Supermarket,Supermarket,12.53,1,1,Low ($10-25)
0efa41b1-86b7-4aca-af0b-be8bf62a1d04,19,1,463.55,1,18.6,PWPX0982761090992,Canned Tuna,Supermarket,Supermarket,18.6,1,1,Low ($10-25)
8a8e4a1e-c975-4d3f-9bda-60873fcbdf58,16,1,302.45,1,424.82,PWPX0982761091100,Apple MacBook Pro,Electronics,Electronics,424.82,1,1,Premium ($300+)
0943ee95-3fce-4305-826b-4e08c5d4876f,8,1,34.37,1,19.38,PWPX0982761091039,Chicken Wings,Supermarket,Supermarket,19.38,1,1,Low ($10-25)
f6501649-fce0-4e74-a76e-eaf3d3d2d40d,11,1,418.33,1,16.82,PWPX0982761091079,Canned Chickpeas,Supermarket,Supermarket,16.82,1,1,Low ($10-25)
ac825169-2c7e-4f40-9fb1-a7a839f8bf04,10,1,82.19,1,4.81,PWPX0982761091058,Frozen Chicken Nuggets,Supermarket,Supermarket,4.81,1,1,Very Low ($0-10)
b8a9772a-a325-4ecd-9cd4-1c33b6078b5b,8,1,131.01,1,4.38,PWPX0982761090998,Broccoli,Supermarket,Supermarket,4.38,1,1,Very Low ($0-10)
73a64ec1-d0b8-4e91-a127-6e5c62ea70a6,16,1,83.9,1,4.71,PWPX0982761091078,Frozen Shrimp,Supermarket,Supermarket,4.71,1,1,Very Low ($0-10)
1ab5282e-eeb5-4dca-80cf-580ed65281a5,14,1,272.36,1,7.3,PWPX0982761091011,Avocado,Supermarket,Supermarket,7.3,1,1,Very Low ($0-10)
e3e76172-ab52-42c7-bbc4-5c73f807dbf4,12,1,123.42,1,5.93,PWPX0982761090997,Chicken Breast,Supermarket,Supermarket,5.93,1,1,Very Low ($0-10)
2f04b1fc-3965-43b5-bae3-22fadce2ea6e,14,1,212.0,1,725.5,PWPX0982761091125,Nintendo Switch,Electronics,Electronics,725.5,1,1,Premium ($300+)
4a73a2d5-c1a0-4be2-9aae-41eefd67cd97,19,1,882.96,1,4.51,PWPX0982761091008,Oranges,Supermarket,Supermarket,4.51,1,1,Very Low ($0-10)
e096b97f-9624-4372-9a6b-1c8e23bd4b75,2,1,84.83,1,310.88,PWPX0982761091118,Fitbit Charge 5,Electronics,Electronics,310.88,1,1,Premium ($300+)
c42c8a30-5734-421e-bb55-d47fb2c51500,16,1,69.8,1,7.82,PWPX0982761090989,Tomato Soup,Supermarket,Supermarket,7.82,1,1,Very Low ($0-10)
d8e9caac-d245-4ece-b1d6-0b9a21f3c62b,14,1,469.49,1,579.0,PWPX0982761091112,Apple Watch Series 6,Electronics,Electronics,579.0,1,1,Premium ($300+)
83f40318-7e20-4360-a1de-9fd1224bd265,17,1,342.28,1,880.38,PWPX0982761091102,Sony PlayStation 5,Electronics,Electronics,880.38,1,1,Premium ($300+)
8d35ccc2-0f76-46b9-978c-b6a81ca2c775,2,1,448.81,1,10.78,PWPX0982761091024,Chocolate Chip Cookies,Supermarket,Supermarket,10.78,1,1,Low ($10-25)
5dedbdd8-067f-4432-b17e-247912c61a39,17,2,49.2,1,17.27,PWPX0982761091011,Avocado,Supermarket,Supermarket,7.3,1,1,Very Low ($0-10)
080bf7f2-d3c9-4d33-a4cf-637762441f6e,10,2,498.62,1,27.02,PWPX0982761091080,Spices Assortment,Supermarket,Supermarket,13.74,1,1,Low ($10-25)
d8653c4b-c1d1-4db0-8f7d-d59a4a72720d,1,1,216.62,1,4.51,PWPX0982761091008,Oranges,Supermarket,Supermarket,4.51,1,1,Very Low ($0-10)
ad77c624-f2fa-49a8-b8a2-da9918b384b3,19,1,69.85,1,12.71,PWPX0982761091010,Italian Sausage,Supermarket,Supermarket,12.71,1,1,Low ($10-25)
b0a0bade-c2fc-4e6b-9254-8ed7ba088599,9,1,506.8,1,12.63,PWPX0982761091070,Tortilla Chips,Supermarket,Supermarket,12.63,1,1,Low ($10-25)
feed113b-89d3-4475-8d7e-eddb3ff0ddd1,14,1,480.0,1,13.27,PWPX0982761091069,Ground Beef,Supermarket,Supermarket,13.27,1,1,Low ($10-25)
d17e8aa5-942c-4907-9e9c-1fcb0c8b699f,1,1,881.59,1,14.41,PWPX0982761091075,Potato Wedges,Supermarket,Supermarket,14.41,1,1,Low ($10-25)
778fa4b3-f55e-4920-ba31-881571af7eae,1,1,182.91,1,4.38,PWPX0982761090998,Broccoli,Supermarket,Supermarket,4.38,1,1,Very Low ($0-10)
9a8aa549-db2a-4429-82b1-604670159856,2,1,453.64,1,10.08,PWPX0982761091089,Pita Bread,Supermarket,Supermarket,10.08,1,1,Low ($10-25)
3faf70e6-51db-4961-b0d2-7e9c7f8b81d2,19,1,412.55,1,18.6,PWPX0982761090992,Canned Tuna,Supermarket,Supermarket,18.6,1,1,Low ($10-25)
66f1ef9c-e50c-4724-b433-28e5b3c8f22e,14,1,496.98,1,18.45,PWPX0982761091007,Apples,Supermarket,Supermarket,18.45,1,1,Low ($10-25)
6712f506-a090-4f32-a284-d3cd5769d6de,13,1,123.21,1,10.8,PWPX0982761091060,Ramen,Supermarket,Supermarket,10.8,1,1,Low ($10-25)
e4cd2ee4-d2ed-4b0e-bd07-06fd8967f3de,19,1,335.47,1,10.1,PWPX0982761090990,Frozen Peas,Supermarket,Supermarket,10.1,1,1,Low ($10-25)
8c9fba1c-0fd6-405b-9d9a-041629a03932,6,1,983.0,1,11.83,PWPX0982761091055,Salsa,Supermarket,Supermarket,11.83,1,1,Low ($10-25)
066adbee-83ff-4a0e-bc61-ead06f764daf,3,2,462.65,1,21.009999999999998,PWPX0982761091067,Garlic Bread,Supermarket,Supermarket,11.53,1,1,Low ($10-25)
ed75da95-5f26-45aa-828a-4261dd87b1c7,3,2,990.89,1,499.62,PWPX0982761091105,Microsoft Surface Pro,Electronics,Electronics,497.46,1,1,Premium ($300+)
dbccc51b-bc7a-492a-b025-dc381ae6e492,16,1,599.83,1,12.53,PWPX0982761091029,Garlic,Supermarket,Supermarket,12.53,1,1,Low ($10-25)
c40aed77-52f3-4413-a5f0-41cbbd475bf8,17,1,99.29,1,270.42,PWPX0982761091116,DJI Mini Drone,Electronics,Electronics,270.42,1,1,Very High ($100-300)
296f5fc1-e7ff-4c1a-b898-3bdb800e8ff3,17,1,106.72,1,880.38,PWPX0982761091102,Sony PlayStation 5,Electronics,Electronics,880.38,1,1,Premium ($300+)
8d708de6-d7dc-4f1d-99ca-bfe730656ac7,2,1,478.23,1,14.22,PWPX0982761091016,Romaine Lettuce,Supermarket,Supermarket,14.22,1,1,Low ($10-25)
5be68f81-b17f-4a53-9472-dd37b5541d60,7,1,42.36,1,19.32,PWPX0982761090994,Peanut Butter,Supermarket,Supermarket,19.32,1,1,Low ($10-25)
34120ec5-2f11-43c7-a27d-edfacc33d2b9,2,1,170.31,1,10.1,PWPX0982761090990,Frozen Peas,Supermarket,Supermarket,10.1,1,1,Low ($10-25)
3934863a-c2ad-4be7-b652-d2c105e4ae80,18,1,412.02,1,4.38,PWPX0982761090998,Broccoli,Supermarket,Supermarket,4.38,1,1,Very Low ($0-10)
ef5ed5ee-35ee-427a-9b6f-1824ac641d24,17,1,76.57,1,10.8,PWPX0982761091060,Ramen,Supermarket,Supermarket,10.8,1,1,Low ($10-25)
0169654a-ae51-4d9a-86b8-a8f0c9b8d16f,10,1,443.09,1,11.26,PWPX0982761091068,Frozen Broccoli,Supermarket,Supermarket,11.26,1,1,Low ($10-25)
8340f196-221a-4409-9ea0-337651c74b35,2,1,59.24,1,10.44,PWPX0982761091084,Pancetta,Supermarket,Supermarket,10.44,1,1,Low ($10-25)
b91bf852-c8e2-4e83-9a15-2b76398c4d2b,11,1,360.83,1,7.82,PWPX0982761090989,Tomato Soup,Supermarket,Supermarket,7.82,1,1,Very Low ($0-10)
2fd40e94-50dc-4a07-8dbc-96e4bdfaf783,10,1,241.54,1,17.11,PWPX0982761090999,Brown Rice,Supermarket,Supermarket,17.11,1,1,Low ($10-25)
99e4b640-fa1e-4141-b837-90906b296c71,1,1,24.63,1,880.38,PWPX0982761091102,Sony PlayStation 5,Electronics,Electronics,880.38,1,1,Premium ($300+)
1f2c4eb7-2b46-4bd6-a36b-ef994b4c8adb,1,1,39.43,1,12.47,PWPX0982761090987,Cheddar Cheese,Supermarket,Supermarket,12.47,1,1,Low ($10-25)
d04cd2a0-043c-4563-aead-500f0e8c3c29,7,1,314.43,1,18.35,PWPX0982761091028,Spaghetti,Supermarket,Supermarket,18.35,1,1,Low ($10-25)
c897e5ac-ac77-4e2b-b129-b131d634e940,19,1,78.83,1,725.5,PWPX0982761091125,Nintendo Switch,Electronics,Electronics,725.5,1,1,Premium ($300+)
f7e511a2-86f4-4f51-9a87-e8bd4d145b08,15,2,433.22,1,26.06,PWPX0982761091082,Baking Powder,Supermarket,Supermarket,17.95,1,1,Low ($10-25)
00243955-5e3f-49d7-beb7-e8452f1fe31d,15,1,372.22,1,17.09,PWPX0982761091086,Frozen Mozzarella,Supermarket,Supermarket,17.09,1,1,Low ($10-25)
8e6053ac-0583-41b0-8cd9-b04289ddf5a4,2,1,28.38,1,2.65,PWPX0982761091023,Whipped Cream,Supermarket,Supermarket,2.65,1,1,Very Low ($0-10)
80375ab9-e30b-410f-a689-7af069ffaa47,8,1,161.58,1,8.11,PWPX0982761090995,Cinnamon Toast Crunch,Supermarket,Supermarket,8.11,1,1,Very Low ($0-10)
6231fcc7-d7cd-4f2e-bdd1-f94e91fff03a,19,1,245.63,1,13.74,PWPX0982761091080,Spices Assortment,Supermarket,Supermarket,13.74,1,1,Low ($10-25)
8a7a01e7-90cd-4d63-8edd-0aa4bc50d7cd,14,1,288.71,1,17.11,PWPX0982761090999,Brown Rice,Supermarket,Supermarket,17.11,1,1,Low ($10-25)
a41156b7-4dd3-4863-b176-2bc67db14f99,9,1,84.02,1,3.85,PWPX0982761091014,Whole Wheat Bread,Supermarket,Supermarket,3.85,1,1,Very Low ($0-10)
2281b4fb-64ef-436a-bc98-24f7e2900234,16,1,621.81,1,2.16,PWPX0982761091081,Vegetable Stock,Supermarket,Supermarket,2.16,1,1,Very Low ($0-10)
eba1a22c-2a1d-40d3-8411-1f259cf2cd50,4,1,300.81,1,12.44,PWPX0982761091096,Cooking Spray,Supermarket,Supermarket,12.44,1,1,Low ($10-25)
82a75afc-55e9-44a9-bdbb-fcffc67d7252,8,1,109.11,1,19.32,PWPX0982761090994,Peanut Butter,Supermarket,Supermarket,19.32,1,1,Low ($10-25)
95373e44-4a67-4a15-95bf-45fdb41257d4,12,2,408.0,1,29.22,PWPX0982761091017,Salmon Filets,Supermarket,Supermarket,17.21,1,1,Low ($10-25)
e05cc7d4-24cb-4003-bb8a-79bdda50f8e7,12,1,273.89,1,12.71,PWPX0982761091010,Italian Sausage,Supermarket,Supermarket,12.71,1,1,Low ($10-25)
5ae96809-4b2b-4df1-8467-0a74e64e9852,19,1,397.93,1,14.67,PWPX0982761091085,Red Grapes,Supermarket,Supermarket,14.67,1,1,Low ($10-25)
d17f292b-a222-4014-b01a-b884119bca2f,10,1,397.35,1,16.0,PWPX0982761091043,Mozzarella Sticks,Supermarket,Supermarket,16.0,1,1,Low ($10-25)
9edc28c2-4ab4-4340-9352-5e5c885ec1c2,15,1,190.4,1,13.22,PWPX0982761091003,Sliced Turkey,Supermarket,Supermarket,13.22,1,1,Low ($10-25)
3cc00160-7596-40ec-a261-c2f2ef22b7bc,10,1,499.28,1,17.11,PWPX0982761090999,Brown Rice,Supermarket,Supermarket,17.11,1,1,Low ($10-25)
79342a5a-60b8-4a09-8a06-1f49df3ea53b,18,1,1025.62,1,16.2,PWPX0982761091021,Pasta,Supermarket,Supermarket,16.2,1,1,Low ($10-25)
d7574903-3df2-4202-a9e6-fa810514804b,7,1,556.47,1,6.1,PWPX0982761091046,Orange Juice,Supermarket,Supermarket,6.1,1,1,Very Low ($0-10)
8c0bb3fa-e492-434d-b451-5f9489181059,8,1,293.7,1,725.5,PWPX0982761091125,Nintendo Switch,Electronics,Electronics,725.5,1,1,Premium ($300+)
3f6e2150-17d9-4eae-93d1-00c3460060c7,17,1,325.99,1,10.78,PWPX0982761091024,Chocolate Chip Cookies,Supermarket,Supermarket,10.78,1,1,Low ($10-25)
2e6b4363-c62f-4233-b2a9-5b015f1ab540,13,1,175.09,1,10.47,PWPX0982761091071,Oyster Sauce,Supermarket,Supermarket,10.47,1,1,Low ($10-25)
c3983e35-a7fa-4456-aa7c-bb9de59e8f2f,19,1,410.34,1,3.85,PWPX0982761091018,Butter,Supermarket,Supermarket,3.85,1,1,Very Low ($0-10)
ccbdebac-1bbc-4383-b6de-c1e54f688a67,16,1,328.71,1,17.78,PWPX0982761091033,Pancake Mix,Supermarket,Supermarket,17.78,1,1,Low ($10-25)
f77464f9-7edb-4ffd-9dfb-b312b067429b,3,1,468.8,1,11.13,PWPX0982761091057,String Cheese,Supermarket,Supermarket,11.13,1,1,Low ($10-25)
39fb6944-6b73-4a01-b697-93e1de999ee9,18,1,669.22,1,4.43,PWPX0982761091015,Bell Peppers,Supermarket,Supermarket,4.43,1,1,Very Low ($0-10)
8a1e1221-7fda-4f74-a52d-2f78fac864b5,13,1,129.97,1,7.92,PWPX0982761091012,Hummus,Supermarket,Supermarket,7.92,1,1,Very Low ($0-10)
8752955f-7cbf-4493-92bb-4f10ce5e9192,18,1,189.76,1,12.63,PWPX0982761091070,Tortilla Chips,Supermarket,Supermarket,12.63,1,1,Low ($10-25)
92a884cc-5da2-4cc6-be75-fe9547dd14cc,16,1,218.93,1,9.3,PWPX0982761091026,Potato Chips,Supermarket,Supermarket,9.3,1,1,Very Low ($0-10)
20c8b386-e258-407e-a659-e4e93ab64c59,7,1,489.49,1,10.96,PWPX0982761091094,Frozen Ravioli,Supermarket,Supermarket,10.96,1,1,Low ($10-25)
ea01a24a-fad5-47cf-85e4-420c40abf1b5,15,1,455.5,1,18.01,PWPX0982761090988,Greek Yogurt,Supermarket,Supermarket,18.01,1,1,Low ($10-25)
d6725f1e-480d-4b85-ad53-e520e052a7f5,19,1,156.05,1,196.72,PWPX0982761091108,Dell XPS 13,Electronics,Electronics,196.72,1,1,Very High ($100-300)
7bd9639d-78e1-4aa9-ad7a-335cecb0a865,16,1,616.29,1,3.85,PWPX0982761091014,Whole Wheat Bread,Supermarket,Supermarket,3.85,1,1,Very Low ($0-10)
4cbb27d6-1df4-4ffd-86bb-eb5a97c7a9da,6,2,182.0,1,34.47,PWPX0982761091062,Bread Crumbs,Supermarket,Supermarket,19.8,1,1,Low ($10-25)
3731fe65-7633-47f5-b695-9f810c2f4310,12,1,251.38,1,11.83,PWPX0982761091055,Salsa,Supermarket,Supermarket,11.83,1,1,Low ($10-25)
bb4e0e65-5c33-4e1a-bad1-5f06f0493a58,8,1,615.42,1,12.01,PWPX0982761091037,Almond Butter,Supermarket,Supermarket,12.01,1,1,Low ($10-25)
6499c0fa-cee6-410e-9f4d-bf13f60274b1,5,1,480.81,1,11.02,PWPX0982761091063,Sweet Potatoes,Supermarket,Supermarket,11.02,1,1,Low ($10-25)
fa34703f-59b4-4d98-a951-7c9328e7ba40,13,1,300.1,1,12.53,PWPX0982761090982,Kellogg's Frosties,Supermarket,Supermarket,12.53,1,1,Low ($10-25)
88369853-02be-438f-aa2c-af2b40bd3015,2,1,42.89,1,9.29,PWPX0982761091087,Pumpkin Puree,Supermarket,Supermarket,9.29,1,1,Very Low ($0-10)
b31ce476-8b31-4114-bfa2-635bed2107d4,2,1,370.01,1,14.41,PWPX0982761091075,Potato Wedges,Supermarket,Supermarket,14.41,1,1,Low ($10-25)
150f1b17-5027-49ee-a45c-7815f494b6e8,18,1,460.56,1,6.1,PWPX0982761091046,Orange Juice,Supermarket,Supermarket,6.1,1,1,Very Low ($0-10)
98bcce92-e3e9-47f9-9874-5a701b5d1a72,11,1,1139.2,1,225.68,PWPX0982761091098,Logitech Mouse,Electronics,Electronics,225.68,1,1,Very High ($100-300)
44d24056-a449-4ed6-b39a-d477f511ced8,1,2,98.29,1,16.31,PWPX0982761091009,Beef Jerky,Supermarket,Supermarket,3.78,1,1,Very Low ($0-10)
26eec661-888e-4e6a-b325-3b3366315440,11,1,266.19,1,5.93,PWPX0982761090997,Chicken Breast,Supermarket,Supermarket,5.93,1,1,Very Low ($0-10)
81cf0bc1-1e97-461e-8f58-11847680312f,4,1,434.96,1,880.38,PWPX0982761091102,Sony PlayStation 5,Electronics,Electronics,880.38,1,1,Premium ($300+)
fb0ae8be-968c-4648-ba21-cdebd9ce26bf,8,1,411.28,1,750.72,PWPX0982761091113,Google Chromecast,Electronics,Electronics,750.72,1,1,Premium ($300+)
72f7925b-b9a8-46c3-9ddc-5dd147433e69,9,2,185.17,1,18.67,PWPX0982761091006,Soy Sauce,Supermarket,Supermarket,9.37,1,1,Very Low ($0-10)
f6b98c40-04df-44cb-ae56-7f87c7af4125,4,2,172.14,1,37.900000000000006,PWPX0982761091028,Spaghetti,Supermarket,Supermarket,18.35,1,1,Low ($10-25)
79df81da-3f67-45a0-bb76-0ea472970052,16,1,759.5,1,13.22,PWPX0982761091003,Sliced Turkey,Supermarket,Supermarket,13.22,1,1,Low ($10-25)
a48b6143-69c4-41a6-93b2-f74cf1bbbd59,14,1,404.85,1,3.94,PWPX0982761090985,Organic Bananas,Supermarket,Supermarket,3.94,1,1,Very Low ($0-10)
0809a5b6-dd7f-4e82-a8e6-a893f1f3ff1a,1,1,277.92,1,187.4,PWPX0982761091126,Panasonic Lumix Camera,Electronics,Electronics,187.4,1,1,Very High ($100-300)
7917e98f-2165-4402-a74a-3197db690f8c,19,1,293.34,1,10.44,PWPX0982761091084,Pancetta,Supermarket,Supermarket,10.44,1,1,Low ($10-25)
7b63e8ec-cd34-4df8-bab7-5f6d9f6ea504,11,2,71.8,1,821.95,PWPX0982761091104,Canon EOS Rebel Camera,Electronics,Electronics,808.21,1,1,Premium ($300+)
32de2b59-4583-40e9-a8a5-d54b22fa319c,12,1,414.65,1,7.92,PWPX0982761091012,Hummus,Supermarket,Supermarket,7.92,1,1,Very Low ($0-10)
6b597bc1-2850-4a6a-be47-7fedc4303b1a,5,1,201.24,1,6.22,PWPX0982761091025,Trail Mix,Supermarket,Supermarket,6.22,1,1,Very Low ($0-10)
553834bd-ac18-4eb7-8cc3-8f321cfee43c,2,1,255.48,1,17.11,PWPX0982761090999,Brown Rice,Supermarket,Supermarket,17.11,1,1,Low ($10-25)
1c5f64af-d532-4011-a0f6-6f24b57e3dea,3,1,885.1,1,18.6,PWPX0982761090992,Canned Tuna,Supermarket,Supermarket,18.6,1,1,Low ($10-25)
139b2199-63ad-4d44-9275-eb4c8d56e329,16,1,270.52,1,9.95,PWPX0982761090984,Whole Milk,Supermarket,Supermarket,9.95,1,1,Very Low ($0-10)
69a2e1fa-1f4e-45be-a1de-ea6617065639,17,1,467.23,1,9.87,PWPX0982761091047,Pickles,Supermarket,Supermarket,9.87,1,1,Very Low ($0-10)
94fefda6-2d60-4dba-b409-2e746ad8fa58,11,1,556.16,1,9.87,PWPX0982761091047,Pickles,Supermarket,Supermarket,9.87,1,1,Very Low ($0-10)
4c5768a1-a8b0-4b95-8770-cf1cae5c0ad6,7,1,328.68,1,300.54,PWPX0982761091119,Dyson V11 Vacuum,Electronics,Electronics,300.54,1,1,Premium ($300+)
6f97a7f7-290e-4b86-8ebf-c97bd28b3672,7,1,549.76,1,4.81,PWPX0982761091058,Frozen Chicken Nuggets,Supermarket,Supermarket,4.81,1,1,Very Low ($0-10)
d1990b16-591f-4c70-9316-955f3b70cd4d,4,1,411.01,1,19.32,PWPX0982761090994,Peanut Butter,Supermarket,Supermarket,19.32,1,1,Low ($10-25)
c5fe95e8-9bbd-404f-908b-f5f32fe9d89e,8,1,88.94,1,16.2,PWPX0982761091021,Pasta,Supermarket,Supermarket,16.2,1,1,Low ($10-25)
e31157a4-db68-4439-839c-a5351391640e,2,1,299.7,1,19.38,PWPX0982761091039,Chicken Wings,Supermarket,Supermarket,19.38,1,1,Low ($10-25)
8bdcef5e-c71d-4884-9fc6-2cd52cd50545,18,1,249.21,1,3.1,PWPX0982761091077,Frozen Mixed Berries,Supermarket,Supermarket,3.1,1,1,Very Low ($0-10)
3a73b34f-950a-49af-ab14-2156f2ec98ae,15,1,1186.82,1,7.29,PWPX0982761091030,Ice Cream,Supermarket,Supermarket,7.29,1,1,Very Low ($0-10)
8d91f5f1-c562-4bdc-bcd3-cbaccefc48d8,7,1,461.31,1,18.01,PWPX0982761090988,Greek Yogurt,Supermarket,Supermarket,18.01,1,1,Low ($10-25)
d114e871-fdd6-46c2-9f72-f429f3989fd1,8,1,349.49,1,13.74,PWPX0982761091080,Spices Assortment,Supermarket,Supermarket,13.74,1,1,Low ($10-25)
8840d2dd-21e4-4720-b5c4-3d5a4d43bb34,18,2,466.72,1,15.870000000000001,PWPX0982761091003,Sliced Turkey,Supermarket,Supermarket,13.22,1,1,Low ($10-25)
8a25525e-31b3-4274-87c2-c97741b38caf,8,2,102.21,1,26.76,PWPX0982761091065,Avocado Oil,Supermarket,Supermarket,8.75,1,1,Very Low ($0-10)
b29b95cf-e7c0-4f21-b4dc-f53e6a2ffbc4,15,1,465.31,1,4.38,PWPX0982761090998,Broccoli,Supermarket,Supermarket,4.38,1,1,Very Low ($0-10)
f9859554-d379-44ee-8c47-a7d520b8c011,4,1,358.26,1,17.21,PWPX0982761091017,Salmon Filets,Supermarket,Supermarket,17.21,1,1,Low ($10-25)
8f145041-5e9b-4f77-9c09-45f1cbf3fd09,12,1,343.25,1,187.4,PWPX0982761091126,Panasonic Lumix Camera,Electronics,Electronics,187.4,1,1,Very High ($100-300)
47df1e8f-dc1b-4596-ba7c-4458d994941f,16,1,495.67,1,13.27,PWPX0982761091069,Ground Beef,Supermarket,Supermarket,13.27,1,1,Low ($10-25)
76460617-09a6-4b55-a3d5-5f709c302c3e,18,1,44.11,1,15.69,PWPX0982761091076,Chicken Thighs,Supermarket,Supermarket,15.69,1,1,Low ($10-25)
bf339d19-d1c0-46df-9e4c-42435b3719d3,9,1,98.71,1,334.68,PWPX0982761091121,Asus ROG Gaming Laptop,Electronics,Electronics,334.68,1,1,Premium ($300+)
e3b4a050-f73a-4cdf-9c57-fe25fe0d845e,17,1,32.88,1,10.78,PWPX0982761091024,Chocolate Chip Cookies,Supermarket,Supermarket,10.78,1,1,Low ($10-25)
fdd6b65b-cfa6-44e2-a665-9ba9027e5a32,3,1,279.41,1,19.55,PWPX0982761091049,Baking Soda,Supermarket,Supermarket,19.55,1,1,Low ($10-25)
0c767967-a542-48aa-939e-c342fa4ed00e,13,1,188.44,1,8.75,PWPX0982761091065,Avocado Oil,Supermarket,Supermarket,8.75,1,1,Very Low ($0-10)
1bb2c2e4-3efc-4bf0-93b0-933d9ad033fc,8,1,328.99,1,690.88,PWPX0982761091097,Beats Studio Pro Headphone,Electronics,Electronics,690.88,1,1,Premium ($300+)
cc93735d-2e65-4d29-80eb-160b39c3c069,15,1,483.58,1,334.68,PWPX0982761091121,Asus ROG Gaming Laptop,Electronics,Electronics,334.68,1,1,Premium ($300+)
7fb83fb8-7ade-433c-985d-55d24965ac1a,14,1,1175.81,1,8.23,PWPX0982761091002,Granola Bars,Supermarket,Supermarket,8.23,1,1,Very Low ($0-10)
111345ab-0b9b-4a30-b257-38df1aff81b7,10,1,314.18,1,3.85,PWPX0982761091014,Whole Wheat Bread,Supermarket,Supermarket,3.85,1,1,Very Low ($0-10)
722eeec1-5cca-4547-918e-886b3dff8389,11,1,290.68,1,14.22,PWPX0982761091016,Romaine Lettuce,Supermarket,Supermarket,14.22,1,1,Low ($10-25)
c9d42548-44c8-4e62-a9b9-0768ac870c07,13,1,874.02,1,17.95,PWPX0982761091082,Baking Powder,Supermarket,Supermarket,17.95,1,1,Low ($10-25)
a5148a12-b474-4b32-baf8-1fcf1b675d08,2,1,262.68,1,8.54,PWPX0982761091036,Frozen Vegetables,Supermarket,Supermarket,8.54,1,1,Very Low ($0-10)
a2b6a1ef-2499-4326-b8a0-c4a1120865ff,10,1,657.31,1,7.95,PWPX0982761091041,Mustard,Supermarket,Supermarket,7.95,1,1,Very Low ($0-10)
971f43cc-45f7-40fe-aca4-102f36d97f04,5,1,487.79,1,4.38,PWPX0982761090998,Broccoli,Supermarket,Supermarket,4.38,1,1,Very Low ($0-10)
f426eda6-3887-4f36-b75b-7b5c6e8f0d66,18,1,146.38,1,16.69,PWPX0982761091045,Whole Wheat Tortillas,Supermarket,Supermarket,16.69,1,1,Low ($10-25)
04a44334-663a-4fd2-aa35-4b942796ae50,4,1,214.73,1,15.69,PWPX0982761091076,Chicken Thighs,Supermarket,Supermarket,15.69,1,1,Low ($10-25)
77df175b-9ffb-4d92-b4d4-f470a1b2a2d9,18,1,478.73,1,11.13,PWPX0982761091057,String Cheese,Supermarket,Supermarket,11.13,1,1,Low ($10-25)
f672442b-6d70-4b2b-80ed-eb7fb8bc980d,6,1,333.71,1,16.67,PWPX0982761091052,Baby Spinach,Supermarket,Supermarket,16.67,1,1,Low ($10-25)
0aba5a29-59cf-4a3b-95fa-7ce8fc8d5738,4,1,410.36,1,9.95,PWPX0982761090984,Whole Milk,Supermarket,Supermarket,9.95,1,1,Very Low ($0-10)
a5f4743c-d161-46d5-b3a4-1236c27962cf,8,1,450.08,1,7.92,PWPX0982761091012,Hummus,Supermarket,Supermarket,7.92,1,1,Very Low ($0-10)
9e6ff382-0536-4a14-bf35-0af1bfd447d9,14,1,55.76,1,15.09,PWPX0982761091001,Frozen Pizza,Supermarket,Supermarket,15.09,1,1,Low ($10-25)
86b2138f-2da0-47dc-bad3-531fbf86e242,1,1,154.98,1,12.47,PWPX0982761090987,Cheddar Cheese,Supermarket,Supermarket,12.47,1,1,Low ($10-25)
76f07635-1f28-4c73-80fd-974bab4575f8,5,1,860.48,1,18.81,PWPX0982761091064,Red Onions,Supermarket,Supermarket,18.81,1,1,Low ($10-25)
67d2343f-58ad-4ad2-a87d-5ad2f82666d4,11,1,323.38,1,196.72,PWPX0982761091108,Dell XPS 13,Electronics,Electronics,196.72,1,1,Very High ($100-300)
70a974d9-d943-4b3d-b653-a60ea14f248b,9,1,212.61,1,12.53,PWPX0982761091029,Garlic,Supermarket,Supermarket,12.53,1,1,Low ($10-25)
18a2f574-0f74-4a4f-9ecf-e572a72bf81e,17,1,448.83,1,497.46,PWPX0982761091105,Microsoft Surface Pro,Electronics,Electronics,497.46,1,1,Premium ($300+)
5fc28b6b-573f-4153-a205-2de435efb8ff,6,1,354.88,1,8.23,PWPX0982761091002,Granola Bars,Supermarket,Supermarket,8.23,1,1,Very Low ($0-10)
5f35d73b-5ea2-4691-9e22-18301be5ba5f,16,1,387.3,1,3.1,PWPX0982761091077,Frozen Mixed Berries,Supermarket,Supermarket,3.1,1,1,Very Low ($0-10)
4921c95d-5a84-482c-be25-67b554a4303a,8,1,206.76,1,4.67,PWPX0982761090983,Uncured Bacon,Supermarket,Supermarket,4.67,1,1,Very Low ($0-10)
9fb498a8-5c88-4fb4-afd9-6f653c219349,15,1,355.7,1,13.28,PWPX0982761090993,Ground Coffee,Supermarket,Supermarket,13.28,1,1,Low ($10-25)
98b7aeed-59f5-41c8-b014-2db1e019747a,8,1,692.93,1,15.28,PWPX0982761091092,Basil Pesto,Supermarket,Supermarket,15.28,1,1,Low ($10-25)
1b4eb9ff-93ee-4264-bef9-b70e3bdd59a0,8,1,395.86,1,8.68,PWPX0982761091019,Maple Syrup,Supermarket,Supermarket,8.68,1,1,Very Low ($0-10)
1193d536-63a5-4069-8ce0-5664f19859a4,16,1,338.14,1,8.11,PWPX0982761090995,Cinnamon Toast Crunch,Supermarket,Supermarket,8.11,1,1,Very Low ($0-10)
135578d8-53c4-4f43-9639-eb322f7febb0,19,1,440.08,1,13.28,PWPX0982761090993,Ground Coffee,Supermarket,Supermarket,13.28,1,1,Low ($10-25)
562b2427-b3c4-46c9-a1c8-05bd7317b8fe,7,1,339.15,1,10.16,PWPX0982761091050,Rice Pudding,Supermarket,Supermarket,10.16,1,1,Low ($10-25)
603d9b28-0be6-43f1-86ab-7d65b99db6a2,14,1,176.9,1,196.72,PWPX0982761091108,Dell XPS 13,Electronics,Electronics,196.72,1,1,Very High ($100-300)
6944cf81-cb6d-483a-a564-a3d4ea8ba730,17,1,54.63,1,482.13,PWPX0982761091111,HP Envy Printer,Electronics,Electronics,482.13,1,1,Premium ($300+)
78ddf9e5-0b82-4bd3-a658-3c58c1289113,13,1,495.58,1,15.28,PWPX0982761091092,Basil Pesto,Supermarket,Supermarket,15.28,1,1,Low ($10-25)
0718e76d-daea-4e83-a901-928fb8550c25,3,1,219.62,1,908.87,PWPX0982761091109,GoPro Hero 9,Electronics,Electronics,908.87,1,1,Premium ($300+)
3841c6d9-3537-4cc7-bd9e-a93480bd3d25,13,1,286.98,1,8.11,PWPX0982761090995,Cinnamon Toast Crunch,Supermarket,Supermarket,8.11,1,1,Very Low ($0-10)
dbbaba6b-1b42-4039-8438-783c964c6739,6,1,39.75,1,8.21,PWPX0982761091083,Chia Seeds,Supermarket,Supermarket,8.21,1,1,Very Low ($0-10)
d6318514-2a53-4eaf-9a33-39e6c3fbf359,17,1,399.53,1,17.79,PWPX0982761091005,Ketchup,Supermarket,Supermarket,17.79,1,1,Low ($10-25)
8c6c1868-4bee-41eb-9b55-cbbc06ab190f,5,2,202.23,1,29.88,PWPX0982761091035,Ranch Dressing,Supermarket,Supermarket,19.99,1,1,Low ($10-25)
53816919-6ceb-44ff-ab78-6323adf0cab6,14,1,762.46,1,9.3,PWPX0982761091026,Potato Chips,Supermarket,Supermarket,9.3,1,1,Very Low ($0-10)
8ccd4cd6-e4c4-47db-80d7-428d1f9d7d88,6,1,421.03,1,10.44,PWPX0982761091084,Pancetta,Supermarket,Supermarket,10.44,1,1,Low ($10-25)
4362073d-7a38-4fa1-bd86-eb5c40dd30b2,4,1,222.77,1,19.8,PWPX0982761091062,Bread Crumbs,Supermarket,Supermarket,19.8,1,1,Low ($10-25)
2a82d666-e3dc-47a6-bd08-4238702dcf16,8,1,58.4,1,477.29,PWPX0982761091103,Amazon Echo Dot,Electronics,Electronics,477.29,1,1,Premium ($300+)
446ef357-a138-4935-9748-9d3aa1c8879b,1,1,265.85,1,9.29,PWPX0982761091087,Pumpkin Puree,Supermarket,Supermarket,9.29,1,1,Very Low ($0-10)
644bdcd0-da45-4dfb-b5fc-183fd340dcfc,6,1,102.79,1,632.85,PWPX0982761091122,Roku Ultra Streaming Device,Electronics,Electronics,632.85,1,1,Premium ($300+)
c5ce9c4e-99cd-4615-aa23-0d6f218fa529,15,1,87.6,1,11.83,PWPX0982761091055,Salsa,Supermarket,Supermarket,11.83,1,1,Low ($10-25)
9dec0f95-36b6-40aa-a52a-2d89acbf6cfa,7,1,88.97,1,9.3,PWPX0982761091026,Potato Chips,Supermarket,Supermarket,9.3,1,1,Very Low ($0-10)
5c99a303-ec79-42e0-aae0-63784d345a5b,8,2,26.97,1,206.01,PWPX0982761091108,Dell XPS 13,Electronics,Electronics,196.72,1,1,Very High ($100-300)
6709d09a-8f19-4947-ba12-13298989450b,5,1,83.53,1,19.8,PWPX0982761091062,Bread Crumbs,Supermarket,Supermarket,19.8,1,1,Low ($10-25)
cd555dfe-b4e0-4264-a8ed-d882caef1c0a,15,1,1146.05,1,18.45,PWPX0982761091007,Apples,Supermarket,Supermarket,18.45,1,1,Low ($10-25)
5577c3af-2a71-4a60-8b79-46505fda13cc,18,1,427.04,1,4.67,PWPX0982761090983,Uncured Bacon,Supermarket,Supermarket,4.67,1,1,Very Low ($0-10)
542bdbe1-5802-4061-833f-2c1647cfdc7b,10,1,493.21,1,11.83,PWPX0982761091055,Salsa,Supermarket,Supermarket,11.83,1,1,Low ($10-25)
92a18a79-f0c0-4f26-a448-51e4e330c791,6,1,464.71,1,16.42,PWPX0982761091061,Cheese Sticks,Supermarket,Supermarket,16.42,1,1,Low ($10-25)
d1f96d37-c096-4919-863d-f0d79eb5e883,8,1,83.5,1,10.16,PWPX0982761091050,Rice Pudding,Supermarket,Supermarket,10.16,1,1,Low ($10-25)
56b13202-0f18-4f2c-ab06-2d9b568e2f69,10,1,396.06,1,2.72,PWPX0982761091027,Coconut Water,Supermarket,Supermarket,2.72,1,1,Very Low ($0-10)
09adb998-fbe0-4ea3-bb10-ceef2b1883e1,15,1,356.0,1,3.85,PWPX0982761091018,Butter,Supermarket,Supermarket,3.85,1,1,Very Low ($0-10)
15485ec7-dac7-49cd-b803-36e24b183930,12,1,482.54,1,12.01,PWPX0982761091037,Almond Butter,Supermarket,Supermarket,12.01,1,1,Low ($10-25)
2a50f4fe-4803-4f37-8cb3-c9bfe7bd335a,16,2,342.21,1,26.64,PWPX0982761091031,Corn Tortillas,Supermarket,Supermarket,9.97,1,1,Very Low ($0-10)
2660b008-a085-42e8-91a6-0ec057ed5cf9,7,1,121.96,1,14.41,PWPX0982761091075,Potato Wedges,Supermarket,Supermarket,14.41,1,1,Low ($10-25)
c1e6e97b-4e7f-42a1-91e9-94a5fc747022,5,1,116.34,1,12.63,PWPX0982761091070,Tortilla Chips,Supermarket,Supermarket,12.63,1,1,Low ($10-25)
d6ee6390-448a-425c-9f08-b9283d55272b,18,1,71.92,1,246.7,PWPX0982761091114,Sony WH-1000XM4 Headphones,Electronics,Electronics,246.7,1,1,Very High ($100-300)
f8945883-11be-4964-99b5-ae7d7f57b9b7,11,1,946.09,1,16.82,PWPX0982761091079,Canned Chickpeas,Supermarket,Supermarket,16.82,1,1,Low ($10-25)
35481911-b331-414d-8ba3-c9dccdfc27b8,2,1,29.58,1,5.92,PWPX0982761091059,Organic Baby Carrots,Supermarket,Supermarket,5.92,1,1,Very Low ($0-10)
38cf2bae-dca1-48ad-92a2-34009917febe,5,1,32.62,1,3.94,PWPX0982761090985,Organic Bananas,Supermarket,Supermarket,3.94,1,1,Very Low ($0-10)
57196a13-7bf8-4ded-9bba-010fc32713b6,10,1,266.94,1,7.95,PWPX0982761091041,Mustard,Supermarket,Supermarket,7.95,1,1,Very Low ($0-10)
bd1feba4-73ff-4966-9d87-516443ee3ce6,17,1,357.03,1,3.1,PWPX0982761091077,Frozen Mixed Berries,Supermarket,Supermarket,3.1,1,1,Very Low ($0-10)
1dd1c801-4100-466e-a24f-5f14c042abd9,13,1,499.32,1,12.53,PWPX0982761090982,Kellogg's Frosties,Supermarket,Supermarket,12.53,1,1,Low ($10-25)
d6cf8592-b194-4cfb-8ef9-97289c28d5c5,12,1,234.71,1,5.8,PWPX0982761091004,Instant Noodles,Supermarket,Supermarket,5.8,1,1,Very Low ($0-10)
87aee18b-b427-4766-b334-2d214ef1e90e,11,1,768.86,1,477.29,PWPX0982761091103,Amazon Echo Dot,Electronics,Electronics,477.29,1,1,Premium ($300+)
5a66920d-c4f0-428d-af27-22e8acd87b5a,14,1,278.22,1,8.68,PWPX0982761091019,Maple Syrup,Supermarket,Supermarket,8.68,1,1,Very Low ($0-10)
b5b1feaf-72de-4eb9-bb24-d2971bd0f8ed,6,1,416.16,1,10.8,PWPX0982761091060,Ramen,Supermarket,Supermarket,10.8,1,1,Low ($10-25)
f2c09b49-874e-4f3b-a46b-a3af2e876226,5,1,427.87,1,270.42,PWPX0982761091116,DJI Mini Drone,Electronics,Electronics,270.42,1,1,Very High ($100-300)
de0e281d-8544-40f5-9915-1d4cc017ace5,17,1,1099.42,1,8.23,PWPX0982761091002,Granola Bars,Supermarket,Supermarket,8.23,1,1,Very Low ($0-10)
3813eacf-a666-4d8c-8498-a349b68ac190,9,1,124.72,1,6.56,PWPX0982761091013,Rice Cakes,Supermarket,Supermarket,6.56,1,1,Very Low ($0-10)
35d0b4d3-c41b-4e9d-bb12-e804d7c2860a,9,1,400.04,1,187.4,PWPX0982761091126,Panasonic Lumix Camera,Electronics,Electronics,187.4,1,1,Very High ($100-300)
9af3501d-d2a5-4502-a18f-202fa4fc5960,6,2,113.74,1,11.58,PWPX0982761091054,Turkey Burgers,Supermarket,Supermarket,8.48,1,1,Very Low ($0-10)
157763f8-7c41-4bba-8f90-25660f317384,19,1,354.77,1,10.57,PWPX0982761091034,Eggs,Supermarket,Supermarket,10.57,1,1,Low ($10-25)
def3d75b-357a-4b65-a070-ecc19cf80a44,15,1,241.84,1,19.58,PWPX0982761090996,Oat Milk,Supermarket,Supermarket,19.58,1,1,Low ($10-25)
878f2714-744b-424b-a6de-369598022dc8,12,1,235.47,1,11.83,PWPX0982761091055,Salsa,Supermarket,Supermarket,11.83,1,1,Low ($10-25)
74cca8ba-f9bb-4bbc-9d57-a9eb5ace4ee5,17,1,325.51,1,7.29,PWPX0982761091030,Ice Cream,Supermarket,Supermarket,7.29,1,1,Very Low ($0-10)
746eb870-ab26-4e21-b60e-1fd536eda1cc,7,1,266.59,1,14.67,PWPX0982761091085,Red Grapes,Supermarket,Supermarket,14.67,1,1,Low ($10-25)
91c34c78-8053-49ae-8ee0-3bfa9da7e7d1,15,1,218.66,1,18.01,PWPX0982761090988,Greek Yogurt,Supermarket,Supermarket,18.01,1,1,Low ($10-25)
cd87ce5b-ef99-4a34-a132-da350a03ae18,2,2,111.22,1,19.01,PWPX0982761091083,Chia Seeds,Supermarket,Supermarket,8.21,2,1,Very Low ($0-10)
eb96e4e9-9935-4387-8123-179dce564e5a,3,2,487.01,1,19.03,PWPX0982761091041,Mustard,Supermarket,Supermarket,7.95,2,1,Very Low ($0-10)
15cba1bc-6a92-4c97-b37c-0cad544e059e,7,2,315.66,1,922.0,PWPX0982761091088,Frozen Edamame,Supermarket,Supermarket,13.13,2,1,Low ($10-25)
2ac1db48-e4a1-47e4-9c01-2bb0a0fe5f50,16,2,209.94,1,26.26,PWPX0982761091054,Turkey Burgers,Supermarket,Supermarket,8.48,2,1,Very Low ($0-10)
686046cf-bc3b-47b3-a003-e6255c02341f,17,2,212.03,1,16.82,PWPX0982761091058,Frozen Chicken Nuggets,Supermarket,Supermarket,4.81,2,1,Very Low ($0-10)
6b39aa58-a1f3-451c-b5a0-bbc681915a3c,12,2,169.56,1,32.68,PWPX0982761091088,Frozen Edamame,Supermarket,Supermarket,13.13,2,1,Low ($10-25)
1dcf8886-6ba3-4dac-9e8b-43eb6a039a43,19,2,272.81,1,23.18,PWPX0982761091051,Frozen Berries,Supermarket,Supermarket,15.89,2,1,Low ($10-25)
74219bfd-0de0-4bf1-b9a7-626ece6a1dda,9,2,83.11,1,27.75,PWPX0982761091062,Bread Crumbs,Supermarket,Supermarket,19.8,2,1,Low ($10-25)
70f5a3b4-4a23-453c-af52-c63e634d38b6,4,3,84.24,1,30.299999999999997,PWPX0982761090990,Frozen Peas,Supermarket,Supermarket,10.1,2,1,Low ($10-25)
9c2bf24b-33e2-4f3f-b75b-e855ed85ec64,14,3,365.02,1,52.62,PWPX0982761090991,Honey Nut Cheerios,Supermarket,Supermarket,17.54,2,1,Low ($10-25)
7c1993e3-7df0-4524-9b7a-c6fd051e8803,16,2,646.37,1,30.18,PWPX0982761091060,Ramen,Supermarket,Supermarket,10.8,2,1,Low ($10-25)
08bfb8ab-71d5-4ae6-af32-e48a3115309b,16,2,331.67,1,35.42,PWPX0982761090992,Canned Tuna,Supermarket,Supermarket,18.6,2,1,Low ($10-25)
ec4f573f-ab92-477e-9b4b-7ae61f740987,8,2,186.25,1,32.28,PWPX0982761091043,Mozzarella Sticks,Supermarket,Supermarket,16.0,2,1,Low ($10-25)
e66e9506-dc09-4391-b830-b696eb019e70,17,2,293.88,1,24.33,PWPX0982761090995,Cinnamon Toast Crunch,Supermarket,Supermarket,8.11,2,1,Very Low ($0-10)
6fb8048f-4339-4e4f-90fa-b6b724c349b1,14,2,55.73,1,24.089999999999996,PWPX0982761090996,Oat Milk,Supermarket,Supermarket,19.58,2,1,Low ($10-25)
b45faed8-e2ff-42c0-9a26-8141e65da4b0,6,2,310.88,1,19.67,PWPX0982761091057,String Cheese,Supermarket,Supermarket,11.13,2,1,Low ($10-25)
a36e3349-f1f7-460b-b6e6-4d7047837795,10,2,463.0,1,13.2,PWPX0982761090990,Frozen Peas,Supermarket,Supermarket,10.1,2,1,Low ($10-25)
f1326527-3e33-4951-9cac-f91cc9da2de0,11,2,358.44,1,26.54,PWPX0982761091092,Basil Pesto,Supermarket,Supermarket,15.28,2,1,Low ($10-25)
3ddfcc22-f1ae-4e28-a87e-fef4b36a0770,10,2,78.28,1,14.01,PWPX0982761091032,Olive Oil,Supermarket,Supermarket,6.09,2,1,Very Low ($0-10)
de6343f9-fa09-4cac-8da8-7c2706825e22,13,2,133.73,1,26.58,PWPX0982761091069,Ground Beef,Supermarket,Supermarket,13.27,2,1,Low ($10-25)
d105773f-d566-4aa2-87b2-c5245539e6f5,12,2,118.73,1,26.880000000000003,PWPX0982761090987,Cheddar Cheese,Supermarket,Supermarket,12.47,2,1,Low ($10-25)
af34847d-5b73-49ea-9412-87c98cb18d2f,13,2,629.99,1,24.84,PWPX0982761091086,Frozen Mozzarella,Supermarket,Supermarket,17.09,2,1,Low ($10-25)
6a223f5d-1048-48b3-8b52-bd48cf313864,13,2,367.62,1,22.25,PWPX0982761090991,Honey Nut Cheerios,Supermarket,Supermarket,17.54,2,1,Low ($10-25)
f50dac68-addd-4ba7-9ccf-ecb4736198e9,17,2,80.77,1,16.08,PWPX0982761090984,Whole Milk,Supermarket,Supermarket,9.95,2,1,Very Low ($0-10)
9e7458e7-69ac-480a-abc8-c45d208ab04c,1,2,990.52,1,21.48,PWPX0982761090994,Peanut Butter,Supermarket,Supermarket,19.32,2,1,Low ($10-25)
15c7b849-8e47-48db-8038-a0f21ed83531,12,2,404.74,1,19.439999999999998,PWPX0982761091090,Macaroni,Supermarket,Supermarket,7.75,2,1,Very Low ($0-10)
4975416d-36d4-4730-90fe-7d8c4bc34f37,8,2,57.63,1,22.4,PWPX0982761091055,Salsa,Supermarket,Supermarket,11.83,2,1,Low ($10-25)
52df8075-1f2e-4780-9f0f-048df749831a,3,2,331.81,1,28.380000000000003,PWPX0982761091066,Frozen French Fries,Supermarket,Supermarket,11.69,2,1,Low ($10-25)
2df27969-b826-43da-ac5b-f5ce6d777ad6,19,2,86.99,1,26.86,PWPX0982761091084,Pancetta,Supermarket,Supermarket,10.44,2,1,Low ($10-25)
c7c7e788-8a34-4add-a64e-f73dfda8a0f6,16,2,861.7,1,23.7,PWPX0982761091074,Frozen Corn,Supermarket,Supermarket,7.81,2,1,Very Low ($0-10)
acb531bc-c586-4e9e-8e9d-27f5494dded5,18,2,469.53,1,236.94,PWPX0982761091073,Apple Sauce,Supermarket,Supermarket,11.26,2,1,Low ($10-25)
8c3f6fee-a689-42e7-b768-59455428217a,9,2,852.14,1,33.73,PWPX0982761091007,Apples,Supermarket,Supermarket,18.45,2,1,Low ($10-25)
4dba4fcf-52b5-4cc7-b03e-99aade077208,12,2,277.0,1,25.16,PWPX0982761090982,Kellogg's Frosties,Supermarket,Supermarket,12.53,2,1,Low ($10-25)
2c96ea13-cae1-4e72-a221-49ce9ef59d12,4,2,322.61,1,23.24,PWPX0982761090999,Brown Rice,Supermarket,Supermarket,17.11,2,1,Low ($10-25)
e3905c28-a674-4378-9106-f55444bb0896,13,2,472.48,1,34.81,PWPX0982761091064,Red Onions,Supermarket,Supermarket,18.81,2,1,Low ($10-25)
0a6398b7-87ae-4d1b-b075-8dc8d2c88efa,12,2,247.69,1,30.03,PWPX0982761091042,Shredded Carrots,Supermarket,Supermarket,13.83,2,1,Low ($10-25)
79adf49b-bccc-468d-874e-c05372a400b0,5,2,794.94,1,22.86,PWPX0982761091028,Spaghetti,Supermarket,Supermarket,18.35,2,1,Low ($10-25)
b03c4219-b407-4de6-97b6-2a19b6aabbbd,1,2,612.64,1,31.29,PWPX0982761091021,Pasta,Supermarket,Supermarket,16.2,2,1,Low ($10-25)
cfd2d441-5153-4141-90bb-81666a72d9ea,3,2,321.28,1,10.26,PWPX0982761091009,Beef Jerky,Supermarket,Supermarket,3.78,2,1,Very Low ($0-10)
1206f2bb-cc3f-4a5e-b07e-49c08c12298b,1,2,1045.57,1,16.54,PWPX0982761091078,Frozen Shrimp,Supermarket,Supermarket,4.71,2,1,Very Low ($0-10)
d8b4a4b3-b35e-427c-a0cc-9988b0c5d264,18,2,481.26,1,489.88,PWPX0982761091090,Macaroni,Supermarket,Supermarket,7.75,2,1,Very Low ($0-10)
4bcce55c-cf48-4b3a-b075-bbdf8aa68083,4,2,334.57,1,21.169999999999998,PWPX0982761091027,Coconut Water,Supermarket,Supermarket,2.72,2,1,Very Low ($0-10)
123c4f8e-39bc-4236-96be-e1a4d2c5787b,13,2,1084.6,1,13.799999999999999,PWPX0982761091008,Oranges,Supermarket,Supermarket,4.51,2,1,Very Low ($0-10)
091b676a-cafb-4a89-8f68-e145f50708e6,4,2,473.04,1,19.75,PWPX0982761091093,Chocolate Milk,Supermarket,Supermarket,6.48,2,1,Very Low ($0-10)
fe566c3a-cdce-45f8-877b-981d34030526,18,2,202.77,1,14.14,PWPX0982761090997,Chicken Breast,Supermarket,Supermarket,5.93,2,1,Very Low ($0-10)
b97fca0b-1f49-4d49-a22c-a90f3ac46ec0,4,2,370.2,1,33.94,PWPX0982761091076,Chicken Thighs,Supermarket,Supermarket,15.69,2,1,Low ($10-25)
22292df1-b4eb-4d60-9ffe-505a54219cc1,16,2,98.03,1,17.79,PWPX0982761090997,Chicken Breast,Supermarket,Supermarket,5.93,2,1,Very Low ($0-10)
527a9897-a481-4657-80ad-c2cc701792d0,17,3,324.47,1,39.839999999999996,PWPX0982761090993,Ground Coffee,Supermarket,Supermarket,13.28,2,1,Low ($10-25)
3f75ba68-9a4c-4208-9ec6-9eaa4b540b84,18,2,204.96,1,18.83,PWPX0982761091089,Pita Bread,Supermarket,Supermarket,10.08,2,1,Low ($10-25)
f9e33b59-f9ec-4f72-b571-5ca25e204fd4,12,3,77.2,1,37.410000000000004,PWPX0982761090987,Cheddar Cheese,Supermarket,Supermarket,12.47,2,1,Low ($10-25)
734c30bc-2ee1-4475-a9e5-53067cc7a11c,2,2,546.07,1,14.82,PWPX0982761090998,Broccoli,Supermarket,Supermarket,4.38,2,1,Very Low ($0-10)
c1a4d2b0-33a3-49d3-a30d-bed1f2bed96b,17,2,87.15,1,18.85,PWPX0982761091006,Soy Sauce,Supermarket,Supermarket,9.37,2,1,Very Low ($0-10)
dc70aef8-c5da-4763-9cd4-e254ca13871f,3,2,878.43,1,12.86,PWPX0982761091059,Organic Baby Carrots,Supermarket,Supermarket,5.92,2,1,Very Low ($0-10)
6f39dc4f-cb53-49d7-8fe3-ac48cd8e14b4,6,2,375.27,1,13.14,PWPX0982761090998,Broccoli,Supermarket,Supermarket,4.38,2,1,Very Low ($0-10)
a445070e-a414-464b-9e90-e172a80e36b4,13,2,266.24,1,15.2,PWPX0982761090985,Organic Bananas,Supermarket,Supermarket,3.94,2,1,Very Low ($0-10)
73e016a9-af87-4b15-bb4c-1e7b7982c400,9,2,25.96,1,21.700000000000003,PWPX0982761091077,Frozen Mixed Berries,Supermarket,Supermarket,3.1,2,1,Very Low ($0-10)
98beef06-58e1-4104-a03c-fa8c08e8b3a7,2,2,148.79,1,27.47,PWPX0982761091045,Whole Wheat Tortillas,Supermarket,Supermarket,16.69,2,1,Low ($10-25)
f0059d4e-e1ce-4610-80fd-d89f1e7f2a0f,18,2,498.89,1,57.96,PWPX0982761090994,Peanut Butter,Supermarket,Supermarket,19.32,2,1,Low ($10-25)
0227e55c-e7d5-46da-854e-65ad9d4f4af5,9,2,80.46,1,494.11,PWPX0982761091079,Canned Chickpeas,Supermarket,Supermarket,16.82,2,1,Low ($10-25)
0693c696-1c3e-400b-ad96-a7ec343c9ae9,9,2,470.77,1,24.54,PWPX0982761091068,Frozen Broccoli,Supermarket,Supermarket,11.26,2,1,Low ($10-25)
d7f690a0-c1c2-4b36-b05f-2b7e641ea1ac,12,3,314.43,1,29.849999999999998,PWPX0982761090984,Whole Milk,Supermarket,Supermarket,9.95,2,1,Very Low ($0-10)
fc1a9a63-238c-4781-8324-a4b81eb2cac9,1,2,181.2,1,790.88,PWPX0982761091074,Frozen Corn,Supermarket,Supermarket,7.81,2,1,Very Low ($0-10)
4d12bbc4-b3c4-4c88-9f91-b8dcf633cfe5,5,2,630.52,1,23.869999999999997,PWPX0982761091082,Baking Powder,Supermarket,Supermarket,17.95,2,1,Low ($10-25)
997cc894-d6af-4d45-bdd9-6aa84ee0c2ff,9,2,270.04,1,25.54,PWPX0982761091005,Ketchup,Supermarket,Supermarket,17.79,2,1,Low ($10-25)
ffad2af3-5148-4b38-a014-d0aeab5aad16,5,2,306.42,1,601.21,PWPX0982761091076,Chicken Thighs,Supermarket,Supermarket,15.69,2,1,Low ($10-25)
8fea0e37-d4b3-482d-bfd8-6363dc392206,19,2,363.89,1,32.18,PWPX0982761091001,Frozen Pizza,Supermarket,Supermarket,15.09,2,1,Low ($10-25)
1480f480-d3a8-4745-9522-6e28568b7488,14,2,140.43,1,17.63,PWPX0982761091067,Garlic Bread,Supermarket,Supermarket,11.53,2,1,Low ($10-25)
0ede35a5-0461-42af-ad06-924578b2bd34,15,3,466.85,1,23.46,PWPX0982761090989,Tomato Soup,Supermarket,Supermarket,7.82,2,1,Very Low ($0-10)
0c8aee22-33ce-4c52-b151-3eeed0cb0047,15,2,76.38,1,24.87,PWPX0982761091080,Spices Assortment,Supermarket,Supermarket,13.74,2,1,Low ($10-25)
69dc1d98-895d-440b-9859-a25c85f32dce,10,2,232.75,1,19.17,PWPX0982761091047,Pickles,Supermarket,Supermarket,9.87,2,1,Very Low ($0-10)
542d6e94-62af-4f53-a7d7-39245463507b,13,2,1198.85,1,20.0,PWPX0982761091030,Ice Cream,Supermarket,Supermarket,7.29,2,1,Very Low ($0-10)
080cc875-d832-423b-91f8-0c7277d5738f,4,2,164.19,1,16.29,PWPX0982761091072,Cereal Bars,Supermarket,Supermarket,6.13,2,1,Very Low ($0-10)
ea4fe994-3591-4713-a285-f28a16a5dbcc,11,2,188.23,1,29.04,PWPX0982761091084,Pancetta,Supermarket,Supermarket,10.44,2,1,Low ($10-25)
0757d853-9277-4fe2-8ec2-4debd11d16d2,14,2,53.25,1,24.34,PWPX0982761091053,Cottage Cheese,Supermarket,Supermarket,18.25,2,1,Low ($10-25)
43af631c-0503-4194-92c2-f5c0b20def66,15,2,428.16,1,30.020000000000003,PWPX0982761091071,Oyster Sauce,Supermarket,Supermarket,10.47,2,1,Low ($10-25)
ec85752d-88e6-4283-b1eb-290af33553c1,5,2,351.11,1,14.42,PWPX0982761091034,Eggs,Supermarket,Supermarket,10.57,2,1,Low ($10-25)
718ec610-90c2-4909-a674-b375444c03fb,17,2,118.18,1,15.879999999999999,PWPX0982761091004,Instant Noodles,Supermarket,Supermarket,5.8,2,1,Very Low ($0-10)
1adaeb8c-d5dc-4194-9f8f-d884648849a6,18,2,893.38,1,24.419999999999998,PWPX0982761091035,Ranch Dressing,Supermarket,Supermarket,19.99,2,1,Low ($10-25)
20698293-8399-4fda-af1e-b61a9ebb8a0a,16,3,418.46,1,14.01,PWPX0982761090983,Uncured Bacon,Supermarket,Supermarket,4.67,2,1,Very Low ($0-10)
4d351e64-4551-484a-bccc-1b85427053cd,6,2,392.01,1,22.759999999999998,PWPX0982761091036,Frozen Vegetables,Supermarket,Supermarket,8.54,2,1,Very Low ($0-10)
49ab6fad-01e8-4bb4-b4c3-07909266e4b1,8,2,628.39,1,23.14,PWPX0982761091069,Ground Beef,Supermarket,Supermarket,13.27,2,1,Low ($10-25)
c9123e99-8a32-4d29-a143-fd22cce1d188,16,2,326.79,1,17.52,PWPX0982761091002,Granola Bars,Supermarket,Supermarket,8.23,2,1,Very Low ($0-10)
a45a48ff-0f25-43b6-b994-dd2f21cdcf4d,7,2,288.2,1,26.35,PWPX0982761091003,Sliced Turkey,Supermarket,Supermarket,13.22,2,1,Low ($10-25)
7198af33-6ac6-4545-b5db-d77e9b309e5c,7,2,401.28,1,16.11,PWPX0982761091070,Tortilla Chips,Supermarket,Supermarket,12.63,2,1,Low ($10-25)
fde82cb0-15be-4dd1-aeaf-013b6a320325,6,2,33.22,1,31.080000000000002,PWPX0982761091075,Potato Wedges,Supermarket,Supermarket,14.41,2,1,Low ($10-25)
f8a0bafa-11a4-46d9-b4ee-518b6d900087,14,2,70.1,1,6.2,PWPX0982761091048,Flour,Supermarket,Supermarket,3.48,2,1,Very Low ($0-10)
304f3d20-4780-475a-aca3-737664a6cc45,16,2,204.27,1,748.89,PWPX0982761091089,Pita Bread,Supermarket,Supermarket,10.08,2,1,Low ($10-25)
cdf3bb05-1942-4826-b977-7be96085c240,5,2,308.44,1,25.07,PWPX0982761091070,Tortilla Chips,Supermarket,Supermarket,12.63,2,1,Low ($10-25)
2f7cbda8-793a-4a1d-bb66-3a514bee5dc4,17,3,124.87,1,59.31,PWPX0982761090986,Sourdough Bread,Supermarket,Supermarket,19.77,2,1,Low ($10-25)
77227b79-3bf2-4cc0-b3c1-70d802473f80,10,2,748.61,1,24.240000000000002,PWPX0982761091065,Avocado Oil,Supermarket,Supermarket,8.75,2,1,Very Low ($0-10)
c4b3126b-d5e0-414b-a8ec-77ac83db9b64,16,2,24.96,1,23.509999999999998,PWPX0982761090989,Tomato Soup,Supermarket,Supermarket,7.82,2,1,Very Low ($0-10)
f2931dcc-88ea-42f7-be65-8921f32ce533,16,2,461.92,1,28.36,PWPX0982761091020,Frozen Waffles,Supermarket,Supermarket,11.08,2,1,Low ($10-25)
d2692d4e-f2ca-4b6c-94fb-3cee2c7231e4,16,2,368.12,1,24.51,PWPX0982761091022,Shredded Cheese,Supermarket,Supermarket,16.28,2,1,Low ($10-25)
82094def-4072-4bc3-9330-8b0c943c9b43,10,2,489.61,1,31.950000000000003,PWPX0982761091000,Bagged Spinach,Supermarket,Supermarket,17.28,2,1,Low ($10-25)
366c97d6-68f0-4c80-a19b-0504abe7afa7,6,2,242.16,1,25.39,PWPX0982761091038,Beef Patties,Supermarket,Supermarket,6.94,2,1,Very Low ($0-10)
e4a7b1f6-0be7-400d-8f1c-07a9232ff68d,11,2,357.79,1,24.009999999999998,PWPX0982761091025,Trail Mix,Supermarket,Supermarket,6.22,2,1,Very Low ($0-10)
8d1d53da-a86f-46f9-904d-95215769e915,6,2,138.17,1,11.690000000000001,PWPX0982761091083,Chia Seeds,Supermarket,Supermarket,8.21,2,1,Very Low ($0-10)
75aabac1-dd94-40e9-a57e-f52e9ff30a18,9,3,125.77,1,55.800000000000004,PWPX0982761090992,Canned Tuna,Supermarket,Supermarket,18.6,2,1,Low ($10-25)
f0ef85b4-fc4b-40fe-aa8a-3811520f167c,18,2,816.55,1,28.099999999999998,PWPX0982761091087,Pumpkin Puree,Supermarket,Supermarket,9.29,2,1,Very Low ($0-10)
8921c56b-e1a5-4bc2-9706-1d5407ce27bd,13,2,452.05,1,18.14,PWPX0982761091044,Protein Bars,Supermarket,Supermarket,15.49,2,1,Low ($10-25)
4e21678d-91a4-47eb-951e-e55394e07c4e,5,2,707.12,1,885.09,PWPX0982761091078,Frozen Shrimp,Supermarket,Supermarket,4.71,2,1,Very Low ($0-10)
0a152d90-1703-4a09-8f3f-febbfa5d8b2a,3,2,40.35,1,51.33,PWPX0982761090999,Brown Rice,Supermarket,Supermarket,17.11,2,1,Low ($10-25)
31b3da22-c248-4652-8432-ebe46f539886,14,2,475.94,1,701.35,PWPX0982761091071,Oyster Sauce,Supermarket,Supermarket,10.47,2,1,Low ($10-25)
a34b5717-429b-43b2-a895-6d8be7fcb5d4,7,2,204.33,1,24.34,PWPX0982761091033,Pancake Mix,Supermarket,Supermarket,17.78,2,1,Low ($10-25)
937681f0-277f-461c-a487-533979142fcf,10,2,313.02,1,24.85,PWPX0982761091063,Sweet Potatoes,Supermarket,Supermarket,11.02,2,1,Low ($10-25)
d5cea1eb-7016-451b-9426-51973f4d6e14,6,3,61.38,1,11.82,PWPX0982761090985,Organic Bananas,Supermarket,Supermarket,3.94,2,1,Very Low ($0-10)
ef947448-0475-4355-867a-19a0d785c09a,13,2,272.65,1,24.98,PWPX0982761091040,Hot Dog Buns,Supermarket,Supermarket,16.3,2,1,Low ($10-25)
692d84c5-1cbd-4d5f-a788-ef84dc58c7b4,5,2,168.49,1,200.64,PWPX0982761091085,Red Grapes,Supermarket,Supermarket,14.67,2,1,Low ($10-25)
36fa3c35-fc49-4bc2-aefe-03dbbd354cf4,16,2,846.83,1,665.6800000000001,PWPX0982761091082,Baking Powder,Supermarket,Supermarket,17.95,2,1,Low ($10-25)
ce393897-6f13-4891-ae9e-0d9e52004fa9,14,2,167.47,1,439.23,PWPX0982761091075,Potato Wedges,Supermarket,Supermarket,14.41,2,1,Low ($10-25)
91c3a37f-fb36-4899-9d87-d5d310fa5cd2,9,2,462.88,1,23.67,PWPX0982761091010,Italian Sausage,Supermarket,Supermarket,12.71,2,1,Low ($10-25)
a7c77cd7-8961-40b5-ad44-97908dd71ab9,10,2,384.0,1,6.97,PWPX0982761091081,Vegetable Stock,Supermarket,Supermarket,2.16,2,1,Very Low ($0-10)
a0371054-33f4-4a05-8595-0fa8ca9a5a3a,17,2,446.51,1,26.71,PWPX0982761091079,Canned Chickpeas,Supermarket,Supermarket,16.82,2,1,Low ($10-25)
f0a5eae6-78dd-4dbc-bf18-cf10321c1487,9,2,402.64,1,22.689999999999998,PWPX0982761091050,Rice Pudding,Supermarket,Supermarket,10.16,2,1,Low ($10-25)
4e45660d-45cb-417d-87d9-92e3e5b3f460,4,2,22.86,1,16.58,PWPX0982761091024,Chocolate Chip Cookies,Supermarket,Supermarket,10.78,2,1,Low ($10-25)
bf06da71-3cf9-412e-a782-0525b00d85a8,10,2,124.22,1,27.58,PWPX0982761090986,Sourdough Bread,Supermarket,Supermarket,19.77,2,1,Low ($10-25)
15cb9032-3e67-45dc-8934-b5195ec12154,19,2,288.17,1,12.32,PWPX0982761091046,Orange Juice,Supermarket,Supermarket,6.1,2,1,Very Low ($0-10)
a272e8d1-407c-4106-b99d-7a116c052c59,18,2,62.33,1,28.11,PWPX0982761091086,Frozen Mozzarella,Supermarket,Supermarket,17.09,2,1,Low ($10-25)
65f3ccb8-6412-40ed-a619-ad26a7b6f452,18,2,443.37,1,19.369999999999997,PWPX0982761091073,Apple Sauce,Supermarket,Supermarket,11.26,2,1,Low ($10-25)
d3a9aaa4-0707-4ec7-952e-dc5513a8b13a,16,2,247.74,1,15.14,PWPX0982761090983,Uncured Bacon,Supermarket,Supermarket,4.67,2,1,Very Low ($0-10)
b1b447a3-b76e-4cc6-8140-887f72803bb8,15,2,132.89,1,58.739999999999995,PWPX0982761090996,Oat Milk,Supermarket,Supermarket,19.58,2,1,Low ($10-25)
94df32e8-bc8c-41aa-9ae2-123aa90a7213,12,2,226.75,1,32.72,PWPX0982761091061,Cheese Sticks,Supermarket,Supermarket,16.42,2,1,Low ($10-25)
b568dee7-8f5c-47d1-975c-8297c41b6df2,15,2,473.39,1,23.23,PWPX0982761091039,Chicken Wings,Supermarket,Supermarket,19.38,2,1,Low ($10-25)
c7a343f7-3f1d-497c-8004-b9ede2d48fb1,14,3,634.57,1,37.589999999999996,PWPX0982761090982,Kellogg's Frosties,Supermarket,Supermarket,12.53,2,1,Low ($10-25)
74e14926-abe6-4d65-a447-7c8236bb30da,12,2,243.04,1,21.82,PWPX0982761091072,Cereal Bars,Supermarket,Supermarket,6.13,2,1,Very Low ($0-10)
e93015fa-f1c8-43b0-9e6d-5551d534eed1,8,3,358.36,1,54.03,PWPX0982761090988,Greek Yogurt,Supermarket,Supermarket,18.01,2,1,Low ($10-25)
5dedbdd8-067f-4432-b17e-247912c61a39,17,2,49.2,1,17.27,PWPX0982761091031,Corn Tortillas,Supermarket,Supermarket,9.97,2,1,Very Low ($0-10)
080bf7f2-d3c9-4d33-a4cf-637762441f6e,10,2,498.62,1,27.02,PWPX0982761090993,Ground Coffee,Supermarket,Supermarket,13.28,2,1,Low ($10-25)
066adbee-83ff-4a0e-bc61-ead06f764daf,3,2,462.65,1,21.009999999999998,PWPX0982761091091,Diced Tomatoes,Supermarket,Supermarket,9.48,2,1,Very Low ($0-10)
ed75da95-5f26-45aa-828a-4261dd87b1c7,3,2,990.89,1,499.62,PWPX0982761091081,Vegetable Stock,Supermarket,Supermarket,2.16,2,1,Very Low ($0-10)
f7e511a2-86f4-4f51-9a87-e8bd4d145b08,15,2,433.22,1,26.06,PWPX0982761090995,Cinnamon Toast Crunch,Supermarket,Supermarket,8.11,2,1,Very Low ($0-10)
95373e44-4a67-4a15-95bf-45fdb41257d4,12,2,408.0,1,29.22,PWPX0982761091037,Almond Butter,Supermarket,Supermarket,12.01,2,1,Low ($10-25)
4cbb27d6-1df4-4ffd-86bb-eb5a97c7a9da,6,2,182.0,1,34.47,PWPX0982761091085,Red Grapes,Supermarket,Supermarket,14.67,2,1,Low ($10-25)
44d24056-a449-4ed6-b39a-d477f511ced8,1,2,98.29,1,16.31,PWPX0982761091029,Garlic,Supermarket,Supermarket,12.53,2,1,Low ($10-25)
72f7925b-b9a8-46c3-9ddc-5dd147433e69,9,2,185.17,1,18.67,PWPX0982761091026,Potato Chips,Supermarket,Supermarket,9.3,2,1,Very Low ($0-10)
f6b98c40-04df-44cb-ae56-7f87c7af4125,4,2,172.14,1,37.900000000000006,PWPX0982761091049,Baking Soda,Supermarket,Supermarket,19.55,2,1,Low ($10-25)
7b63e8ec-cd34-4df8-bab7-5f6d9f6ea504,11,2,71.8,1,821.95,PWPX0982761091080,Spices Assortment,Supermarket,Supermarket,13.74,2,1,Low ($10-25)
8840d2dd-21e4-4720-b5c4-3d5a4d43bb34,18,2,466.72,1,15.870000000000001,PWPX0982761091023,Whipped Cream,Supermarket,Supermarket,2.65,2,1,Very Low ($0-10)
8a25525e-31b3-4274-87c2-c97741b38caf,8,2,102.21,1,26.76,PWPX0982761090988,Greek Yogurt,Supermarket,Supermarket,18.01,2,1,Low ($10-25)
8c6c1868-4bee-41eb-9b55-cbbc06ab190f,5,2,202.23,1,29.88,PWPX0982761091056,Salted Butter,Supermarket,Supermarket,9.89,2,1,Very Low ($0-10)
5c99a303-ec79-42e0-aae0-63784d345a5b,8,2,26.97,1,206.01,PWPX0982761091087,Pumpkin Puree,Supermarket,Supermarket,9.29,2,1,Very Low ($0-10)
2a50f4fe-4803-4f37-8cb3-c9bfe7bd335a,16,2,342.21,1,26.64,PWPX0982761091052,Baby Spinach,Supermarket,Supermarket,16.67,2,1,Low ($10-25)
9af3501d-d2a5-4502-a18f-202fa4fc5960,6,2,113.74,1,11.58,PWPX0982761091077,Frozen Mixed Berries,Supermarket,Supermarket,3.1,2,1,Very Low ($0-10)
70f5a3b4-4a23-453c-af52-c63e634d38b6,4,3,84.24,1,30.299999999999997,PWPX0982761090990,Frozen Peas,Supermarket,Supermarket,10.1,3,1,Low ($10-25)
9c2bf24b-33e2-4f3f-b75b-e855ed85ec64,14,3,365.02,1,52.62,PWPX0982761090991,Honey Nut Cheerios,Supermarket,Supermarket,17.54,3,1,Low ($10-25)
e66e9506-dc09-4391-b830-b696eb019e70,17,2,293.88,1,24.33,PWPX0982761090995,Cinnamon Toast Crunch,Supermarket,Supermarket,8.11,3,1,Very Low ($0-10)
22292df1-b4eb-4d60-9ffe-505a54219cc1,16,2,98.03,1,17.79,PWPX0982761090997,Chicken Breast,Supermarket,Supermarket,5.93,3,1,Very Low ($0-10)
527a9897-a481-4657-80ad-c2cc701792d0,17,3,324.47,1,39.839999999999996,PWPX0982761090993,Ground Coffee,Supermarket,Supermarket,13.28,3,1,Low ($10-25)
f9e33b59-f9ec-4f72-b571-5ca25e204fd4,12,3,77.2,1,37.410000000000004,PWPX0982761090987,Cheddar Cheese,Supermarket,Supermarket,12.47,3,1,Low ($10-25)
6f39dc4f-cb53-49d7-8fe3-ac48cd8e14b4,6,2,375.27,1,13.14,PWPX0982761090998,Broccoli,Supermarket,Supermarket,4.38,3,1,Very Low ($0-10)
f0059d4e-e1ce-4610-80fd-d89f1e7f2a0f,18,2,498.89,1,57.96,PWPX0982761090994,Peanut Butter,Supermarket,Supermarket,19.32,3,1,Low ($10-25)
d7f690a0-c1c2-4b36-b05f-2b7e641ea1ac,12,3,314.43,1,29.849999999999998,PWPX0982761090984,Whole Milk,Supermarket,Supermarket,9.95,3,1,Very Low ($0-10)
0ede35a5-0461-42af-ad06-924578b2bd34,15,3,466.85,1,23.46,PWPX0982761090989,Tomato Soup,Supermarket,Supermarket,7.82,3,1,Very Low ($0-10)
20698293-8399-4fda-af1e-b61a9ebb8a0a,16,3,418.46,1,14.01,PWPX0982761090983,Uncured Bacon,Supermarket,Supermarket,4.67,3,1,Very Low ($0-10)
2f7cbda8-793a-4a1d-bb66-3a514bee5dc4,17,3,124.87,1,59.31,PWPX0982761090986,Sourdough Bread,Supermarket,Supermarket,19.77,3,1,Low ($10-25)
75aabac1-dd94-40e9-a57e-f52e9ff30a18,9,3,125.77,1,55.800000000000004,PWPX0982761090992,Canned Tuna,Supermarket,Supermarket,18.6,3,1,Low ($10-25)
0a152d90-1703-4a09-8f3f-febbfa5d8b2a,3,2,40.35,1,51.33,PWPX0982761090999,Brown Rice,Supermarket,Supermarket,17.11,3,1,Low ($10-25)
d5cea1eb-7016-451b-9426-51973f4d6e14,6,3,61.38,1,11.82,PWPX0982761090985,Organic Bananas,Supermarket,Supermarket,3.94,3,1,Very Low ($0-10)
b1b447a3-b76e-4cc6-8140-887f72803bb8,15,2,132.89,1,58.739999999999995,PWPX0982761090996,Oat Milk,Supermarket,Supermarket,19.58,3,1,Low ($10-25)
c7a343f7-3f1d-497c-8004-b9ede2d48fb1,14,3,634.57,1,37.589999999999996,PWPX0982761090982,Kellogg's Frosties,Supermarket,Supermarket,12.53,3,1,Low ($10-25)
e93015fa-f1c8-43b0-9e6d-5551d534eed1,8,3,358.36,1,54.03,PWPX0982761090988,Greek Yogurt,Supermarket,Supermarket,18.01,3,1,Low ($10-25)
